CREATE DATABASE  IF NOT EXISTS `nailgarle` /*!40100 DEFAULT CHARACTER SET utf8mb4 COLLATE utf8mb4_0900_ai_ci */ /*!80016 DEFAULT ENCRYPTION='N' */;
USE `nailgarle`;
-- MySQL dump 10.13  Distrib 8.0.28, for Win64 (x86_64)
--
-- Host: localhost    Database: nailgarle
-- ------------------------------------------------------
-- Server version	8.0.28

/*!40101 SET @OLD_CHARACTER_SET_CLIENT=@@CHARACTER_SET_CLIENT */;
/*!40101 SET @OLD_CHARACTER_SET_RESULTS=@@CHARACTER_SET_RESULTS */;
/*!40101 SET @OLD_COLLATION_CONNECTION=@@COLLATION_CONNECTION */;
/*!50503 SET NAMES utf8 */;
/*!40103 SET @OLD_TIME_ZONE=@@TIME_ZONE */;
/*!40103 SET TIME_ZONE='+00:00' */;
/*!40014 SET @OLD_UNIQUE_CHECKS=@@UNIQUE_CHECKS, UNIQUE_CHECKS=0 */;
/*!40014 SET @OLD_FOREIGN_KEY_CHECKS=@@FOREIGN_KEY_CHECKS, FOREIGN_KEY_CHECKS=0 */;
/*!40101 SET @OLD_SQL_MODE=@@SQL_MODE, SQL_MODE='NO_AUTO_VALUE_ON_ZERO' */;
/*!40111 SET @OLD_SQL_NOTES=@@SQL_NOTES, SQL_NOTES=0 */;

--
-- Table structure for table `board_plan`
--

DROP TABLE IF EXISTS `board_plan`;
/*!40101 SET @saved_cs_client     = @@character_set_client */;
/*!50503 SET character_set_client = utf8mb4 */;
CREATE TABLE `board_plan` (
  `planNum` int NOT NULL AUTO_INCREMENT,
  `memberNum` int NOT NULL,
  `boardType` varchar(30) NOT NULL,
  `memberId` varchar(20) NOT NULL,
  `Pl_Title` varchar(100) NOT NULL,
  `Pl_Day` int DEFAULT NULL,
  `Pl_Count` int DEFAULT NULL,
  `Pl_Place` varchar(30) NOT NULL,
  `Pl_Text` varchar(3000) DEFAULT NULL,
  `Pl_Date1` date DEFAULT NULL,
  `Pl_Date2` date DEFAULT NULL,
  `Pl_RegDate` datetime NOT NULL DEFAULT CURRENT_TIMESTAMP,
  PRIMARY KEY (`planNum`),
  KEY `fk_board_plan_member1_idx` (`memberNum`),
  CONSTRAINT `fk_board_plan_member1` FOREIGN KEY (`memberNum`) REFERENCES `member` (`memberNum`)
) ENGINE=InnoDB AUTO_INCREMENT=28 DEFAULT CHARSET=utf8mb3;
/*!40101 SET character_set_client = @saved_cs_client */;

--
-- Dumping data for table `board_plan`
--

LOCK TABLES `board_plan` WRITE;
/*!40000 ALTER TABLE `board_plan` DISABLE KEYS */;
INSERT INTO `board_plan` VALUES (27,15,'일정게시판','test','제목',NULL,NULL,'장소','','2022-05-30','2022-06-08','2022-06-21 19:49:17');
/*!40000 ALTER TABLE `board_plan` ENABLE KEYS */;
UNLOCK TABLES;

--
-- Table structure for table `board_review`
--

DROP TABLE IF EXISTS `board_review`;
/*!40101 SET @saved_cs_client     = @@character_set_client */;
/*!50503 SET character_set_client = utf8mb4 */;
CREATE TABLE `board_review` (
  `reviewNum` int NOT NULL AUTO_INCREMENT,
  `memberNum` int NOT NULL,
  `productNum` int NOT NULL,
  `boardType` varchar(30) DEFAULT NULL,
  `productName` varchar(100) NOT NULL,
  `memberId` varchar(20) NOT NULL,
  `re_Title` varchar(100) NOT NULL,
  `re_Star` varchar(5) DEFAULT '1',
  `re_Text` varchar(3000) DEFAULT NULL,
  `re_RegDate` datetime NOT NULL DEFAULT CURRENT_TIMESTAMP,
  PRIMARY KEY (`reviewNum`),
  KEY `fk_board_review_member1_idx` (`memberNum`),
  KEY `fk_product_Num_idx` (`productNum`),
  CONSTRAINT `fk_board_review_member1` FOREIGN KEY (`memberNum`) REFERENCES `member` (`memberNum`),
  CONSTRAINT `fk_product` FOREIGN KEY (`productNum`) REFERENCES `product` (`productNum`)
) ENGINE=InnoDB AUTO_INCREMENT=173 DEFAULT CHARSET=utf8mb3;
/*!40101 SET character_set_client = @saved_cs_client */;

--
-- Dumping data for table `board_review`
--

LOCK TABLES `board_review` WRITE;
/*!40000 ALTER TABLE `board_review` DISABLE KEYS */;
INSERT INTO `board_review` VALUES (164,14,41,'리뷰게시판','KREATE캐리어','test','asd','3','asd','2022-05-24 11:19:09'),(165,14,41,'리뷰게시판','KREATE캐리어','test','zxczxczxc','5','asdasdasd','2022-05-24 11:19:52'),(166,14,41,'리뷰게시판','KREATE캐리어','test','asd','3','asd','2022-05-24 11:20:20'),(167,14,41,'리뷰게시판','KREATE캐리어','test','zvzxv','2','asd','2022-05-24 11:22:58');
/*!40000 ALTER TABLE `board_review` ENABLE KEYS */;
UNLOCK TABLES;

--
-- Table structure for table `cart`
--

DROP TABLE IF EXISTS `cart`;
/*!40101 SET @saved_cs_client     = @@character_set_client */;
/*!50503 SET character_set_client = utf8mb4 */;
CREATE TABLE `cart` (
  `cartNum` int NOT NULL AUTO_INCREMENT,
  `memberNum` int NOT NULL,
  `productNum` int NOT NULL,
  `productOption` varchar(20) DEFAULT NULL,
  `cartQuantity` int NOT NULL,
  `cartNote` varchar(20) NOT NULL,
  `cartRegDate` datetime NOT NULL DEFAULT CURRENT_TIMESTAMP,
  PRIMARY KEY (`cartNum`),
  KEY `fk_cart_member1_idx` (`memberNum`),
  KEY `fk_cart_product1_idx` (`productNum`),
  CONSTRAINT `fk_cart_member1` FOREIGN KEY (`memberNum`) REFERENCES `member` (`memberNum`),
  CONSTRAINT `fk_cart_product1` FOREIGN KEY (`productNum`) REFERENCES `product` (`productNum`)
) ENGINE=InnoDB AUTO_INCREMENT=165 DEFAULT CHARSET=utf8mb3;
/*!40101 SET character_set_client = @saved_cs_client */;

--
-- Dumping data for table `cart`
--

LOCK TABLES `cart` WRITE;
/*!40000 ALTER TABLE `cart` DISABLE KEYS */;
INSERT INTO `cart` VALUES (1,1,1,'24인치',2,'구매','2022-02-22 00:00:00'),(2,2,2,'검정색',3,'렌탈','2022-03-24 00:00:00'),(3,3,3,'실버',2,'구매','2022-04-12 00:00:00'),(4,4,4,'2M',1,'렌탈','2022-02-17 00:00:00'),(5,1,12,NULL,3,'구매','2022-04-29 14:23:10'),(6,1,23,NULL,1,'구매','2022-04-29 16:45:56'),(7,1,20,NULL,1,'구매','2022-04-29 19:08:16'),(8,1,15,NULL,1,'구매','2022-04-29 19:08:20'),(164,15,94,'레드',1,'구매','2022-06-21 12:50:27');
/*!40000 ALTER TABLE `cart` ENABLE KEYS */;
UNLOCK TABLES;

--
-- Table structure for table `comment`
--

DROP TABLE IF EXISTS `comment`;
/*!40101 SET @saved_cs_client     = @@character_set_client */;
/*!50503 SET character_set_client = utf8mb4 */;
CREATE TABLE `comment` (
  `commentNum` int NOT NULL AUTO_INCREMENT,
  `reviewNum` int NOT NULL,
  `memberNum` int NOT NULL,
  `memberId` varchar(20) NOT NULL,
  `comment` varchar(3000) NOT NULL,
  `com_RegDate` datetime NOT NULL DEFAULT CURRENT_TIMESTAMP,
  PRIMARY KEY (`commentNum`),
  KEY `fk_comment_board_review1_idx` (`reviewNum`),
  KEY `fk_comment_member1_idx` (`memberNum`),
  CONSTRAINT `fk_comment_board_review1` FOREIGN KEY (`reviewNum`) REFERENCES `board_review` (`reviewNum`),
  CONSTRAINT `fk_comment_member1` FOREIGN KEY (`memberNum`) REFERENCES `member` (`memberNum`)
) ENGINE=InnoDB AUTO_INCREMENT=43 DEFAULT CHARSET=utf8mb3;
/*!40101 SET character_set_client = @saved_cs_client */;

--
-- Dumping data for table `comment`
--

LOCK TABLES `comment` WRITE;
/*!40000 ALTER TABLE `comment` DISABLE KEYS */;
INSERT INTO `comment` VALUES (40,167,15,'test','댓글','2022-06-07 14:52:18');
/*!40000 ALTER TABLE `comment` ENABLE KEYS */;
UNLOCK TABLES;

--
-- Table structure for table `member`
--

DROP TABLE IF EXISTS `member`;
/*!40101 SET @saved_cs_client     = @@character_set_client */;
/*!50503 SET character_set_client = utf8mb4 */;
CREATE TABLE `member` (
  `memberNum` int NOT NULL AUTO_INCREMENT,
  `memberId` varchar(20) NOT NULL,
  `memberPw` varchar(300) NOT NULL,
  `memberName` varchar(50) NOT NULL,
  `gender` varchar(10) NOT NULL,
  `memberHp1` varchar(10) DEFAULT NULL,
  `memberHp2` varchar(10) DEFAULT NULL,
  `memberHp3` varchar(10) DEFAULT NULL,
  `memberEmail1` varchar(20) DEFAULT NULL,
  `memberEmail2` varchar(20) DEFAULT NULL,
  `birth` date DEFAULT NULL,
  `memberZipcode` varchar(10) NOT NULL,
  `memberAddr1` varchar(30) NOT NULL,
  `memberAddr2` varchar(30) NOT NULL,
  `recommend` varchar(15) DEFAULT NULL,
  `point` int DEFAULT '0',
  `grade` varchar(20) DEFAULT 'f',
  `joinDate` datetime NOT NULL DEFAULT CURRENT_TIMESTAMP,
  `del_yn` varchar(5) NOT NULL DEFAULT 'n',
  `del_date` datetime DEFAULT NULL,
  PRIMARY KEY (`memberNum`)
) ENGINE=InnoDB AUTO_INCREMENT=21 DEFAULT CHARSET=utf8mb3;
/*!40101 SET character_set_client = @saved_cs_client */;

--
-- Dumping data for table `member`
--

LOCK TABLES `member` WRITE;
/*!40000 ALTER TABLE `member` DISABLE KEYS */;
INSERT INTO `member` VALUES (1,'asDf','4321','홍길동','남','010','1234','1534','wetsdf','@naver.com','1999-01-01','11412','대한민국','대전광역시','awserfs',100,'w','2022-04-21 16:31:31','n',NULL),(2,'edrgds','1234','이순신','남','010','1238','1545','sxdf','@naver.com','1999-01-01','11412','대한민국','대전광역시','erth',200,'w','2022-04-21 16:34:17','n',NULL),(3,'ergsd','1234','가나다','남','010','1234','1534','rtsdx','@naver.com','1999-01-01','11412','대한민국','대전광역시','awserfs',100,'w','2022-04-21 16:34:17','n',NULL),(4,'frjnsrf','34563','이승기','남','010','4574','1534','rtyj','@naver.com','1999-01-01','11412','대한민국','대전광역시','awserfs',100,'w','2022-04-21 16:34:17','n',NULL),(5,'serdgsd','23423','성시경','남','010','1234','6754','erye','@naver.com','1999-01-01','11412','대한민국','대전광역시','awserfs',100,'w','2022-04-21 16:34:17','n',NULL),(6,'dfgdf','3452','김범수','남','010','1234','3546','sdtgsdft','@naver.com','1999-01-01','11412','대한민국','대전광역시','awserfs',100,'w','2022-04-21 16:34:17','n',NULL),(7,'ertbs','5674','이승철','남','010','1234','1534','aewrtaetg','@naver.com','1999-01-01','11412','대한민국','대전광역시','awserfs',100,'w','2022-04-21 16:34:17','n',NULL),(8,'ugthgt','4576','변진섭','남','010','1234','4357','earydf','@naver.com','1999-01-01','11412','대한민국','대전광역시','awserfs',100,'w','2022-04-21 16:34:17','n',NULL),(9,'hioki','2134','이선희','여','010','1234','1534','awet','@naver.com','1999-01-01','11412','대한민국','대전광역시','awserfs',100,'w','2022-04-21 16:34:17','y','2022-05-18 16:20:44'),(10,'tyujfgy','3645','나윤권','남','010','1234','4534','dfghnfs','@naver.com','1999-01-01','11412','대한민국','대전광역시','awserfs',100,'w','2022-04-21 16:34:17','n',NULL),(11,'aergder','3463','정승환','남','010','1234','7453','earyh','@naver.com','1999-01-01','11412','대한민국','대전광역시','awserfs',100,'w','2022-04-21 16:34:18','n',NULL),(12,'asdasd','qwer!qwer','asdasd','남자','010','1234','1234','asdasd','@naver.com','2022-04-04','05237','서울 강동구 아리수로 46','asdasdasd','',0,'w','2022-04-22 21:36:07','n',NULL),(13,'dbtjdgus456','$2a$10$2.bzWO4T0PtLL213s.BFYOV8Gd5ti6Cfxz2DTFHdxWXzNTQs/QsLa','유성현','남자','010','2271','0647','dbtjdgusghkd','naver.com','1997-07-15','35283','대전 서구 갈마동 408-9','스위트빌2','',55,'g','2022-04-29 20:29:37','n',NULL),(14,'test1','test','테스트1','남자','010','1234','7890','nailgarle306','gmail.com','2022-05-01','05831','서울 송파구 동남로 99','테스트','test',0,'v','2022-05-09 16:31:41','n','2022-05-24 09:30:34'),(15,'test','$2a$10$CZjtVKgdjinQhil8hyrCwuNizQivXDyujcY6uQ8k8Adx1PX1iJTbe','테스트','남자','010','1234','5678','nailgarle305','gmail.com','2022-05-01','06035','서울 강남구 가로수길 5','테스트','테스트',978,'f','2022-05-24 12:09:30','n',NULL),(17,'admin','$2a$10$CZjtVKgdjinQhil8hyrCwuNizQivXDyujcY6uQ8k8Adx1PX1iJTbe','어드민','남자','010','1234','5678','nailgarle305','gmail.com','1992-10-13','11319','경기 동두천시 어등로 6','123','4345',0,'f','2022-06-07 16:40:39','n',NULL),(18,'test123456','$2a$10$yBuMGcbWO1ApAlUm33gTie5JaT6OapTCuGbO1gCKGoN3mOLSuu8V.','테스트11','남자','010','9876','5432','9876543210','hanmail.net','2022-12-31','34303','대전 대덕구 갑천도시고속도로 336','9876543210','asd',0,'f','2022-06-17 10:17:14','n',NULL),(19,'test01','$2a$10$mA8AoeVHkFwqWtJDb7XE0u//vixYV8/ItDTShxKwZdhGRiyhYFIG6','테스트중','남자','010','1234','5678','maio','hanmail.net','2022-12-31','15653','경기 안산시 단원구 강거래길 1','ㅁㄴㅇㅁㄴㅇㄴㅁ','ㅁㄴㅇㅁㄴㅇㅁㄴ',0,'f','2022-06-21 11:45:58','n',NULL),(20,'test1111','$2a$10$CZjtVKgdjinQhil8hyrCwuNizQivXDyujcY6uQ8k8Adx1PX1iJTbe','test1','남자','010','1111','1111','testtest','naver.com','2022-06-04','11111','대한','1111111111','',0,'f','2022-06-21 18:56:09','n',NULL);
/*!40000 ALTER TABLE `member` ENABLE KEYS */;
UNLOCK TABLES;

--
-- Table structure for table `non_cart`
--

DROP TABLE IF EXISTS `non_cart`;
/*!40101 SET @saved_cs_client     = @@character_set_client */;
/*!50503 SET character_set_client = utf8mb4 */;
CREATE TABLE `non_cart` (
  `cartNum` int NOT NULL AUTO_INCREMENT,
  `productNum` int NOT NULL,
  `memberNum` int NOT NULL,
  `productOption` varchar(20) DEFAULT NULL,
  `cartQuantity` int NOT NULL,
  `cartNote` varchar(20) NOT NULL,
  `cartRegDate` datetime NOT NULL DEFAULT CURRENT_TIMESTAMP,
  PRIMARY KEY (`cartNum`),
  KEY `fk_cart_product1_idx` (`productNum`),
  CONSTRAINT `fk_cart_product10` FOREIGN KEY (`productNum`) REFERENCES `product` (`productNum`)
) ENGINE=InnoDB AUTO_INCREMENT=56 DEFAULT CHARSET=utf8mb3;
/*!40101 SET character_set_client = @saved_cs_client */;

--
-- Dumping data for table `non_cart`
--

LOCK TABLES `non_cart` WRITE;
/*!40000 ALTER TABLE `non_cart` DISABLE KEYS */;
INSERT INTO `non_cart` VALUES (1,4,1,'2M',1,'렌탈','2022-03-17 00:00:00'),(28,13,2,NULL,1,'구매','2022-05-06 16:08:05'),(29,13,3,NULL,1,'구매','2022-05-09 12:25:22'),(32,1,4,'화이트/Small',1,'구매','2022-05-10 10:18:24'),(37,23,5,'null/null',1,'구매','2022-05-10 10:41:40'),(38,23,6,'',1,'구매','2022-05-10 10:46:21'),(42,12,7,'블랙/n',1,'구매','2022-05-10 10:50:33'),(44,12,8,'화이트',1,'구매','2022-05-10 10:53:22'),(48,15,9,'',1,'구매','2022-05-17 09:29:32'),(49,23,10,'',1,'구매','2022-05-17 14:11:05'),(50,25,10,'',1,'구매','2022-05-17 14:11:06'),(51,18,11,'',1,'구매','2022-05-30 15:18:42'),(52,1,12,'블랙/Large',5,'구매','2022-06-07 14:58:45'),(53,23,13,'',1,'구매','2022-06-09 11:18:26'),(54,23,14,'',1,'구매','2022-06-13 16:19:48'),(55,21,14,'',1,'구매','2022-06-13 16:19:52');
/*!40000 ALTER TABLE `non_cart` ENABLE KEYS */;
UNLOCK TABLES;

--
-- Table structure for table `order`
--

DROP TABLE IF EXISTS `order`;
/*!40101 SET @saved_cs_client     = @@character_set_client */;
/*!50503 SET character_set_client = utf8mb4 */;
CREATE TABLE `order` (
  `orderNum` int NOT NULL AUTO_INCREMENT,
  `memberNum` int NOT NULL,
  `productNum` int NOT NULL,
  `ordererName` varchar(45) NOT NULL,
  `productName` varchar(100) NOT NULL,
  `productQuantity` int NOT NULL,
  `productOption` varchar(20) DEFAULT NULL,
  `productPrice` int NOT NULL,
  `productSale` int NOT NULL,
  `productDelivery` int NOT NULL,
  `orderAmount` int NOT NULL,
  `deliveryMethod` varchar(15) NOT NULL,
  `receiverName` varchar(50) NOT NULL,
  `receiverHp1` varchar(10) DEFAULT NULL,
  `receiverHp2` varchar(10) DEFAULT NULL,
  `receiverHp3` varchar(10) DEFAULT NULL,
  `receiverTel1` varchar(10) DEFAULT NULL,
  `receiverTel2` varchar(10) DEFAULT NULL,
  `receiverTel3` varchar(10) DEFAULT NULL,
  `receiverZipcode` varchar(10) NOT NULL,
  `receiverAddr1` varchar(300) NOT NULL,
  `receiverAddr2` varchar(300) NOT NULL,
  `deliveryState` varchar(20) DEFAULT '배송중',
  `deliverymessage` varchar(3000) DEFAULT NULL,
  `orderDate` datetime NOT NULL DEFAULT CURRENT_TIMESTAMP,
  `payMethod` varchar(20) NOT NULL,
  `cardName` varchar(20) NOT NULL,
  `cardPayMonth` varchar(20) DEFAULT NULL,
  `rentalStart` datetime DEFAULT NULL,
  `rentalEnd` datetime DEFAULT NULL,
  `point` int DEFAULT NULL,
  `message` varchar(3000) DEFAULT NULL,
  `return_Option` varchar(45) DEFAULT NULL,
  `exchange_Option` varchar(45) DEFAULT NULL,
  PRIMARY KEY (`orderNum`),
  KEY `fk_order_member1_idx` (`memberNum`),
  KEY `fk_order_product1_idx` (`productNum`),
  CONSTRAINT `fk_order_member1` FOREIGN KEY (`memberNum`) REFERENCES `member` (`memberNum`),
  CONSTRAINT `fk_order_product1` FOREIGN KEY (`productNum`) REFERENCES `product` (`productNum`)
) ENGINE=InnoDB AUTO_INCREMENT=178 DEFAULT CHARSET=utf8mb3;
/*!40101 SET character_set_client = @saved_cs_client */;

--
-- Dumping data for table `order`
--

LOCK TABLES `order` WRITE;
/*!40000 ALTER TABLE `order` DISABLE KEYS */;
INSERT INTO `order` VALUES (1,1,1,'ddd','여행용캐리어',1,'24인치',10000,1000,2000,11000,'일반배송','홍길동','010','1234','1534','010','1234','1234','11412','대한민국','어딘가','배송준비중','빠른배송','2022-04-10 00:00:00','카드결제','신한카드','일시불',NULL,NULL,NULL,NULL,NULL,NULL),(2,1,1,'ddd','여행용캐리어',1,'24인치',10000,1000,2000,11000,'일반배송','홍길동','010','1234','1534','010','1234','1234','11412','대한민국','어딘가','배송준비중','빠른배송','2022-04-28 17:51:03','카드결제','신한카드','일시불',NULL,NULL,NULL,NULL,NULL,NULL),(3,1,1,'홍길동','여행용캐리어',1,NULL,19900,10000,0,19900,'일반택배','asdasd','010','1234',' 4321','02','','','34303','대전 대덕구 갑천도시고속도로 336 (문평동)대전 대덕구 문평동 400-4','ㅁㄴㅇㅁㄴㅇ',NULL,'','2022-04-28 19:12:38','신용카드','삼성','1개월',NULL,NULL,NULL,NULL,NULL,NULL),(4,1,1,'홍길동','여행용캐리어',1,NULL,19900,10000,0,19900,'일반택배','asdasd','010','1234',' 4321','02','','','34303','대전 대덕구 갑천도시고속도로 336 (문평동)대전 대덕구 문평동 400-4','ㅁㄴㅇㅁㄴㅇ',NULL,'','2022-04-28 19:14:23','신용카드','삼성','1개월',NULL,NULL,NULL,NULL,NULL,NULL),(5,1,1,'홍길동','여행용캐리어',1,NULL,19900,10000,0,19900,'일반택배','asdasd','010','1234',' 4321','02','','','34303','대전 대덕구 갑천도시고속도로 336 (문평동)대전 대덕구 문평동 400-4','ㅁㄴㅇㅁㄴㅇ',NULL,'','2022-04-29 13:34:12','신용카드','삼성','1개월',NULL,NULL,NULL,NULL,NULL,NULL),(26,13,21,'유성현','여행용캐리어11',1,NULL,14400,5555,2000,0,'일반택배','asdasd','010','1234',' 4321','02','','','34303','대전 대덕구 갑천도시고속도로 336 (문평동)대전 대덕구 문평동 400-4','ㅁㄴㅇㅁㄴㅇ',NULL,'','2022-05-09 14:12:07','신용카드','삼성','일시불',NULL,NULL,NULL,NULL,NULL,NULL),(27,13,13,'유성현','여행용캐리어3',10,NULL,19900,10000,2000,0,'일반택배','asdasd','010','1234',' 4321','02','','','34303','대전 대덕구 갑천도시고속도로 336 (문평동)대전 대덕구 문평동 400-4','ㅁㄴㅇㅁㄴㅇ',NULL,'','2022-05-09 14:12:07','신용카드','삼성','일시불',NULL,NULL,NULL,NULL,NULL,NULL),(28,13,16,'유성현','여행용캐리어6',1,NULL,19900,10000,2000,0,'일반택배','asdasd','010','1234',' 4321','02','','','34303','대전 대덕구 갑천도시고속도로 336 (문평동)대전 대덕구 문평동 400-4','ㅁㄴㅇㅁㄴㅇ',NULL,'','2022-05-09 14:29:16','신용카드','삼성','일시불',NULL,NULL,NULL,NULL,NULL,NULL),(29,13,16,'유성현','여행용캐리어6',1,NULL,19900,10000,2000,0,'일반택배','asdasd','010','1234',' 4321','02','','','34303','대전 대덕구 갑천도시고속도로 336 (문평동)대전 대덕구 문평동 400-4','ㅁㄴㅇㅁㄴㅇ',NULL,'','2022-05-09 14:32:25','신용카드','삼성','일시불',NULL,NULL,NULL,NULL,NULL,NULL),(30,13,15,'유성현','여행용캐리어5',1,NULL,19900,10000,2000,0,'일반택배','asdasd','010','1234',' 4321','02','','','34303','대전 대덕구 갑천도시고속도로 336 (문평동)대전 대덕구 문평동 400-4','ㅁㄴㅇㅁㄴㅇ',NULL,'','2022-05-09 14:32:26','신용카드','삼성','일시불',NULL,NULL,NULL,NULL,NULL,NULL),(31,13,22,'유성현','여행용캐리어12',1,NULL,15500,6666,2000,0,'일반택배','asdasd','010','1234',' 4321','02','','','34303','대전 대덕구 갑천도시고속도로 336 (문평동)대전 대덕구 문평동 400-4','ㅁㄴㅇㅁㄴㅇ',NULL,'','2022-05-09 14:32:26','신용카드','삼성','일시불',NULL,NULL,NULL,NULL,NULL,NULL),(36,13,13,'유성현','여행용캐리어3',1,NULL,19900,10000,2000,0,'일반택배','asdasd','010','1234',' 4321','02','','','34303','대전 대덕구 갑천도시고속도로 336 (문평동)대전 대덕구 문평동 400-4','ㅁㄴㅇㅁㄴㅇ','배송중','','2022-05-09 14:32:26','신용카드','삼성','일시불',NULL,NULL,NULL,NULL,NULL,NULL),(37,13,13,'유성현','여행용캐리어3',1,NULL,19900,10000,2000,0,'일반택배','asdasd','010','1234',' 4321','02','','','34303','대전 대덕구 갑천도시고속도로 336 (문평동)대전 대덕구 문평동 400-4','ㅁㄴㅇㅁㄴㅇ',NULL,'','2022-05-09 15:19:47','신용카드','삼성','일시불',NULL,NULL,NULL,NULL,NULL,NULL),(38,13,16,'유성현','여행용캐리어6',5,NULL,19900,10000,2000,0,'일반택배','sdas','010','1234','1234','02','','','11161','경기 포천시 넘마을길 2 (선단동)경기 포천시 선단동 687-5','ㅁㄴㅇㅁㄴㅇ','주문접수중','','2022-05-09 15:50:03','신용카드','농협','3개월',NULL,NULL,NULL,NULL,NULL,NULL),(39,13,23,'유성현','여행용캐리어13',5,NULL,16600,7777,2000,0,'일반택배','sdas','010','1234','1234','02','','','11161','경기 포천시 넘마을길 2 (선단동)경기 포천시 선단동 687-5','ㅁㄴㅇㅁㄴㅇ','주문접수중','','2022-05-09 15:50:03','신용카드','농협','3개월',NULL,NULL,NULL,NULL,NULL,NULL),(40,13,1,'유성현','여행용캐리어',1,'화이트/Medium',19900,10000,0,19900,'일반택배','asdasd','010','1234',' 4321','02','','','34303','대전 대덕구 갑천도시고속도로 336 (문평동)대전 대덕구 문평동 400-4','ㅁㄴㅇㅁㄴㅇ','주문접수중','','2022-05-10 11:22:03','신용카드','삼성','일시불',NULL,NULL,NULL,NULL,NULL,NULL),(41,13,12,'유성현','여행용캐리어2',1,'화이트',19900,10000,2000,0,'일반택배','asdasd','010','1234',' 4321','02','','','34303','대전 대덕구 갑천도시고속도로 336 (문평동)대전 대덕구 문평동 400-4','ㅁㄴㅇㅁㄴㅇ','주문접수중','','2022-05-10 11:23:09','신용카드','삼성','일시불',NULL,NULL,NULL,NULL,NULL,NULL),(42,13,1,'유성현','여행용캐리어',1,'블루/Large',19900,10000,2000,0,'일반택배','asdasd','010','1234',' 4321','02','','','34303','대전 대덕구 갑천도시고속도로 336 (문평동)대전 대덕구 문평동 400-4','ㅁㄴㅇㅁㄴㅇ','주문접수중','','2022-05-10 11:23:09','신용카드','삼성','일시불',NULL,NULL,NULL,NULL,NULL,NULL),(43,13,24,'유성현','여행용캐리어14',5,NULL,17700,8888,2000,0,'일반택배','asdasd','010','1234',' 4321','02','','','34303','대전 대덕구 갑천도시고속도로 336 (문평동)대전 대덕구 문평동 400-4','ㅁㄴㅇㅁㄴㅇ','주문접수중','','2022-05-10 11:23:09','신용카드','삼성','일시불',NULL,NULL,NULL,NULL,NULL,NULL),(44,13,15,'유성현','여행용캐리어5',1,NULL,19900,10000,2000,0,'일반택배','asdasd','010','1234',' 4321','02','','','34303','대전 대덕구 갑천도시고속도로 336 (문평동)대전 대덕구 문평동 400-4','ㅁㄴㅇㅁㄴㅇ','주문접수중','','2022-05-10 11:23:09','신용카드','삼성','일시불',NULL,NULL,NULL,NULL,NULL,NULL),(45,13,50,'유성현','렌탈용캐리어1',1,NULL,1800,1000,2000,1800,'일반택배','asdasd','010','1234',' 4321','02','','','34303','대전 대덕구 갑천도시고속도로 336 (문평동)대전 대덕구 문평동 400-4','ㅁㄴㅇㅁㄴㅇ','주문접수중','','2022-05-11 11:17:44','신용카드','삼성','일시불','2022-05-12 00:00:00','2022-06-01 00:00:00',NULL,NULL,NULL,NULL),(47,13,16,'유성현','여행용캐리어6',1,'',19900,10000,2000,0,'일반택배','asdasd','010','1234',' 4321','02','','','34303','대전 대덕구 갑천도시고속도로 336 (문평동)대전 대덕구 문평동 400-4','ㅁㄴㅇㅁㄴㅇ','주문취소','','2022-05-18 10:44:53','신용카드','삼성','일시불',NULL,NULL,NULL,NULL,NULL,NULL),(48,13,53,'유성현','렌탈용캐리어4',1,NULL,9000,5000,2000,9000,'일반택배','asdasd','010','1234',' 4321','02','','','34303','대전 대덕구 갑천도시고속도로 336 (문평동)대전 대덕구 문평동 400-4','ㅁㄴㅇㅁㄴㅇ','주문접수중','','2022-05-24 15:10:26','신용카드','삼성','일시불','2022-05-25 00:00:00','2022-05-30 00:00:00',NULL,NULL,NULL,NULL),(49,13,52,'유성현','렌탈용캐리어3',1,NULL,9000,5000,2000,9000,'일반택배','asdasd','010','1234',' 4321','02','','','34303','대전 대덕구 갑천도시고속도로 336 (문평동)대전 대덕구 문평동 400-4','ㅁㄴㅇㅁㄴㅇ','주문접수중','','2022-05-24 15:10:38','신용카드','삼성','일시불','2022-05-25 00:00:00','2022-05-30 00:00:00',NULL,NULL,NULL,NULL),(50,13,51,'유성현','렌탈용캐리어2',1,NULL,9000,5000,2000,9000,'일반택배','asdasd','010','1234',' 4321','02','','','34303','대전 대덕구 갑천도시고속도로 336 (문평동)대전 대덕구 문평동 400-4','ㅁㄴㅇㅁㄴㅇ','주문접수중','','2022-05-24 15:10:51','신용카드','삼성','일시불','2022-05-26 00:00:00','2022-05-31 00:00:00',NULL,NULL,NULL,NULL),(51,13,50,'유성현','렌탈용캐리어1',1,NULL,25200,14000,2000,25200,'일반택배','asdasd','010','1234',' 4321','02','','','34303','대전 대덕구 갑천도시고속도로 336 (문평동)대전 대덕구 문평동 400-4','ㅁㄴㅇㅁㄴㅇ','주문접수중','','2022-05-24 15:11:03','신용카드','삼성','일시불','2022-05-31 00:00:00','2022-06-14 00:00:00',NULL,NULL,NULL,NULL),(52,13,53,'유성현','렌탈용캐리어4',1,NULL,5400,3000,2000,5400,'일반택배','asdasd','010','1234',' 4321','02','','','34303','대전 대덕구 갑천도시고속도로 336 (문평동)대전 대덕구 문평동 400-4','ㅁㄴㅇㅁㄴㅇ','주문접수중','','2022-05-24 15:11:13','신용카드','삼성','일시불','2022-05-30 00:00:00','2022-06-02 00:00:00',NULL,NULL,NULL,NULL),(53,13,50,'유성현','렌탈용캐리어1',1,NULL,25200,14000,2000,25200,'일반택배','asdasd','010','1234',' 4321','02','','','34303','대전 대덕구 갑천도시고속도로 336 (문평동)대전 대덕구 문평동 400-4','ㅁㄴㅇㅁㄴㅇ','주문접수중','','2022-05-24 15:11:22','신용카드','삼성','일시불','2022-05-31 00:00:00','2022-06-14 00:00:00',NULL,NULL,NULL,NULL),(54,13,52,'유성현','렌탈용캐리어3',1,NULL,9000,5000,2000,9000,'일반택배','asdasd','010','1234',' 4321','02','','','34303','대전 대덕구 갑천도시고속도로 336 (문평동)대전 대덕구 문평동 400-4','ㅁㄴㅇㅁㄴㅇ','주문접수중','','2022-05-24 15:11:33','신용카드','삼성','일시불','2022-05-25 00:00:00','2022-05-30 00:00:00',NULL,NULL,NULL,NULL),(55,13,50,'유성현','렌탈용캐리어1',1,NULL,10800,6000,2000,10800,'일반택배','asdasd','010','1234',' 4321','02','','','34303','대전 대덕구 갑천도시고속도로 336 (문평동)대전 대덕구 문평동 400-4','ㅁㄴㅇㅁㄴㅇ','주문접수중','','2022-05-24 15:11:42','신용카드','삼성','일시불','2022-05-25 00:00:00','2022-05-31 00:00:00',NULL,NULL,NULL,NULL),(56,13,52,'유성현','렌탈용캐리어3',1,NULL,10800,6000,2000,10800,'일반택배','asdasd','010','1234',' 4321','02','','','34303','대전 대덕구 갑천도시고속도로 336 (문평동)대전 대덕구 문평동 400-4','ㅁㄴㅇㅁㄴㅇ','주문접수중','','2022-05-24 15:11:57','신용카드','삼성','일시불','2022-05-26 00:00:00','2022-06-01 00:00:00',NULL,NULL,NULL,NULL),(57,13,51,'유성현','렌탈용캐리어2',1,NULL,1800,1000,2000,1800,'일반택배','asdasd','010','1234',' 4321','02','','','34303','대전 대덕구 갑천도시고속도로 336 (문평동)대전 대덕구 문평동 400-4','ㅁㄴㅇㅁㄴㅇ','주문접수중','','2022-05-24 15:12:08','신용카드','삼성','일시불','2022-05-25 00:00:00','2022-05-26 00:00:00',NULL,NULL,NULL,NULL),(58,15,46,'테스트','화이트캐리어세트',1,'',18800,9999,2000,0,'일반택배','나','010','1234',' 4321','02','','','34303','대전 대덕구 갑천도시고속도로 336 (문평동)대전 대덕구 문평동 400-4','ㅁㄴㅇㅁㄴㅇ','주문접수중','','2022-05-24 16:19:52','신용카드','삼성','일시불',NULL,NULL,NULL,NULL,NULL,NULL),(59,15,45,'테스트','실버캐리어세트',1,'',18800,9999,2000,0,'일반택배','나','010','1234',' 4321','02','','','34303','대전 대덕구 갑천도시고속도로 336 (문평동)대전 대덕구 문평동 400-4','ㅁㄴㅇㅁㄴㅇ','주문접수중','','2022-05-24 16:19:52','신용카드','삼성','일시불',NULL,NULL,NULL,NULL,NULL,NULL),(60,15,44,'테스트','핑크캐리어세트',1,'',18800,9999,2000,0,'일반택배','나','010','1234',' 4321','02','','','34303','대전 대덕구 갑천도시고속도로 336 (문평동)대전 대덕구 문평동 400-4','ㅁㄴㅇㅁㄴㅇ','주문접수중','','2022-05-24 16:19:52','신용카드','삼성','일시불',NULL,NULL,NULL,NULL,NULL,NULL),(61,15,34,'테스트','아이언캐리어',1,'n',18800,9999,2000,0,'일반택배','나','010','1234',' 4321','02','','','34303','대전 대덕구 갑천도시고속도로 336 (문평동)대전 대덕구 문평동 400-4','ㅁㄴㅇㅁㄴㅇ','주문접수중','','2022-05-24 16:19:52','신용카드','삼성','일시불',NULL,NULL,NULL,NULL,NULL,NULL),(62,15,33,'테스트','아트캐리어',1,'',18800,9999,2000,0,'일반택배','나','010','1234',' 4321','02','','','34303','대전 대덕구 갑천도시고속도로 336 (문평동)대전 대덕구 문평동 400-4','ㅁㄴㅇㅁㄴㅇ','주문접수중','','2022-05-24 16:19:52','신용카드','삼성','일시불',NULL,NULL,NULL,NULL,NULL,NULL),(63,15,32,'테스트','실버캐리어',1,'',18800,9999,2000,0,'일반택배','나','010','1234',' 4321','02','','','34303','대전 대덕구 갑천도시고속도로 336 (문평동)대전 대덕구 문평동 400-4','ㅁㄴㅇㅁㄴㅇ','주문접수중','','2022-05-24 16:19:52','신용카드','삼성','일시불',NULL,NULL,NULL,NULL,NULL,NULL),(64,15,31,'테스트','레드캐리어',1,'',18800,9999,2000,0,'일반택배','나','010','1234',' 4321','02','','','34303','대전 대덕구 갑천도시고속도로 336 (문평동)대전 대덕구 문평동 400-4','ㅁㄴㅇㅁㄴㅇ','주문접수중','','2022-05-24 16:19:52','신용카드','삼성','일시불',NULL,NULL,NULL,NULL,NULL,NULL),(65,15,30,'테스트','그린캐리어',1,'',18800,9999,2000,0,'일반택배','나','010','1234',' 4321','02','','','34303','대전 대덕구 갑천도시고속도로 336 (문평동)대전 대덕구 문평동 400-4','ㅁㄴㅇㅁㄴㅇ','주문접수중','','2022-05-24 16:19:52','신용카드','삼성','일시불',NULL,NULL,NULL,NULL,NULL,NULL),(66,15,29,'테스트','블랙캐리어',1,'',18800,9999,2000,0,'일반택배','나','010','1234',' 4321','02','','','34303','대전 대덕구 갑천도시고속도로 336 (문평동)대전 대덕구 문평동 400-4','ㅁㄴㅇㅁㄴㅇ','주문접수중','','2022-05-24 16:19:52','신용카드','삼성','일시불',NULL,NULL,NULL,NULL,NULL,NULL),(67,15,28,'테스트','미디엄캐리어',1,'',18800,9999,2000,0,'일반택배','나','010','1234',' 4321','02','','','34303','대전 대덕구 갑천도시고속도로 336 (문평동)대전 대덕구 문평동 400-4','ㅁㄴㅇㅁㄴㅇ','주문접수중','','2022-05-24 16:19:52','신용카드','삼성','일시불',NULL,NULL,NULL,NULL,NULL,NULL),(68,15,35,'테스트','화이트캐리어',1,'',18800,9999,2000,0,'일반택배','나','010','1234',' 4321','02','','','34303','대전 대덕구 갑천도시고속도로 336 (문평동)대전 대덕구 문평동 400-4','ㅁㄴㅇㅁㄴㅇ','주문접수중','','2022-05-24 16:19:52','신용카드','삼성','일시불',NULL,NULL,NULL,NULL,NULL,NULL),(69,15,27,'테스트','채리캐리어',1,'',18800,9999,2000,0,'일반택배','나','010','1234',' 4321','02','','','34303','대전 대덕구 갑천도시고속도로 336 (문평동)대전 대덕구 문평동 400-4','ㅁㄴㅇㅁㄴㅇ','주문접수중','','2022-05-24 16:19:52','신용카드','삼성','일시불',NULL,NULL,NULL,NULL,NULL,NULL),(70,15,26,'테스트','스티커캐리어',1,'',18800,9999,2000,0,'일반택배','나','010','1234',' 4321','02','','','34303','대전 대덕구 갑천도시고속도로 336 (문평동)대전 대덕구 문평동 400-4','ㅁㄴㅇㅁㄴㅇ','주문접수중','','2022-05-24 16:19:52','신용카드','삼성','일시불',NULL,NULL,NULL,NULL,NULL,NULL),(71,15,18,'테스트','여행용캐리어8',1,'',19900,10000,2000,0,'일반택배','나','010','1234',' 4321','02','','','34303','대전 대덕구 갑천도시고속도로 336 (문평동)대전 대덕구 문평동 400-4','ㅁㄴㅇㅁㄴㅇ','주문접수중','','2022-05-24 16:19:52','신용카드','삼성','일시불',NULL,NULL,NULL,NULL,NULL,NULL),(72,15,25,'테스트','여행용캐리어15',1,'',18800,9999,2000,0,'일반택배','나','010','1234',' 4321','02','','','34303','대전 대덕구 갑천도시고속도로 336 (문평동)대전 대덕구 문평동 400-4','ㅁㄴㅇㅁㄴㅇ','주문접수중','','2022-05-24 16:19:52','신용카드','삼성','일시불',NULL,NULL,NULL,NULL,NULL,NULL),(73,15,17,'테스트','여행용캐리어7',1,'',19900,10000,2000,0,'일반택배','나','010','1234',' 4321','02','','','34303','대전 대덕구 갑천도시고속도로 336 (문평동)대전 대덕구 문평동 400-4','ㅁㄴㅇㅁㄴㅇ','주문접수중','','2022-05-24 16:19:52','신용카드','삼성','일시불',NULL,NULL,NULL,NULL,NULL,NULL),(74,15,24,'테스트','여행용캐리어14',1,'',17700,8888,2000,0,'일반택배','나','010','1234',' 4321','02','','','34303','대전 대덕구 갑천도시고속도로 336 (문평동)대전 대덕구 문평동 400-4','ㅁㄴㅇㅁㄴㅇ','주문접수중','','2022-05-24 16:19:52','신용카드','삼성','일시불',NULL,NULL,NULL,NULL,NULL,NULL),(75,15,16,'테스트','여행용캐리어6',1,'',19900,10000,2000,0,'일반택배','나','010','1234',' 4321','02','','','34303','대전 대덕구 갑천도시고속도로 336 (문평동)대전 대덕구 문평동 400-4','ㅁㄴㅇㅁㄴㅇ','주문접수중','','2022-05-24 16:19:52','신용카드','삼성','일시불',NULL,NULL,NULL,NULL,NULL,NULL),(76,15,23,'테스트','여행용캐리어13',1,'',16600,7777,2000,0,'일반택배','나','010','1234',' 4321','02','','','34303','대전 대덕구 갑천도시고속도로 336 (문평동)대전 대덕구 문평동 400-4','ㅁㄴㅇㅁㄴㅇ','주문접수중','','2022-05-24 16:19:52','신용카드','삼성','일시불',NULL,NULL,NULL,NULL,NULL,NULL),(77,15,15,'테스트','여행용캐리어5',1,'',19900,10000,2000,0,'일반택배','나','010','1234',' 4321','02','','','34303','대전 대덕구 갑천도시고속도로 336 (문평동)대전 대덕구 문평동 400-4','ㅁㄴㅇㅁㄴㅇ','주문접수중','','2022-05-24 16:19:52','신용카드','삼성','일시불',NULL,NULL,NULL,NULL,NULL,NULL),(78,15,22,'테스트','여행용캐리어12',1,'',15500,6666,2000,0,'일반택배','나','010','1234',' 4321','02','','','34303','대전 대덕구 갑천도시고속도로 336 (문평동)대전 대덕구 문평동 400-4','ㅁㄴㅇㅁㄴㅇ','주문접수중','','2022-05-24 16:19:52','신용카드','삼성','일시불',NULL,NULL,NULL,NULL,NULL,NULL),(79,15,14,'테스트','여행용캐리어4',1,'',19900,10000,2000,0,'일반택배','나','010','1234',' 4321','02','','','34303','대전 대덕구 갑천도시고속도로 336 (문평동)대전 대덕구 문평동 400-4','ㅁㄴㅇㅁㄴㅇ','주문접수중','','2022-05-24 16:19:52','신용카드','삼성','일시불',NULL,NULL,NULL,NULL,NULL,NULL),(80,15,21,'테스트','여행용캐리어11',1,'',14400,5555,2000,0,'일반택배','나','010','1234',' 4321','02','','','34303','대전 대덕구 갑천도시고속도로 336 (문평동)대전 대덕구 문평동 400-4','ㅁㄴㅇㅁㄴㅇ','주문접수중','','2022-05-24 16:19:52','신용카드','삼성','일시불',NULL,NULL,NULL,NULL,NULL,NULL),(81,15,13,'테스트','여행용캐리어3',1,'',19900,10000,2000,0,'일반택배','나','010','1234',' 4321','02','','','34303','대전 대덕구 갑천도시고속도로 336 (문평동)대전 대덕구 문평동 400-4','ㅁㄴㅇㅁㄴㅇ','주문취소','','2022-05-24 16:19:53','신용카드','삼성','일시불',NULL,NULL,NULL,NULL,NULL,NULL),(82,15,20,'테스트','여행용캐리어10',1,'',19900,4444,2000,0,'일반택배','나','010','1234',' 4321','02','','','34303','대전 대덕구 갑천도시고속도로 336 (문평동)대전 대덕구 문평동 400-4','ㅁㄴㅇㅁㄴㅇ','주문접수중','','2022-05-24 16:19:53','신용카드','삼성','일시불',NULL,NULL,NULL,NULL,NULL,NULL),(83,15,12,'테스트','여행용캐리어2',5,'화이트',19900,10000,2000,0,'일반택배','나','010','1234',' 4321','02','','','34303','대전 대덕구 갑천도시고속도로 336 (문평동)대전 대덕구 문평동 400-4','ㅁㄴㅇㅁㄴㅇ','주문접수중','','2022-05-24 16:19:53','신용카드','삼성','일시불',NULL,NULL,NULL,NULL,NULL,NULL),(84,15,19,'테스트','여행용캐리어9',1,'',19900,3333,2000,0,'일반택배','나','010','1234',' 4321','02','','','34303','대전 대덕구 갑천도시고속도로 336 (문평동)대전 대덕구 문평동 400-4','ㅁㄴㅇㅁㄴㅇ','주문접수중','','2022-05-24 16:19:53','신용카드','삼성','일시불',NULL,NULL,NULL,NULL,NULL,NULL),(85,15,1,'테스트','여행용캐리어',1,'블랙/Large',19900,10000,2000,0,'일반택배','나','010','1234',' 4321','02','','','34303','대전 대덕구 갑천도시고속도로 336 (문평동)대전 대덕구 문평동 400-4','ㅁㄴㅇㅁㄴㅇ','주문접수중','','2022-05-24 16:19:53','신용카드','삼성','일시불',NULL,NULL,NULL,NULL,NULL,NULL),(86,15,68,'테스트','판매자01',1,'',10000,7000,3000,0,'일반택배','내가','010','1234',' 4321','02','','','34303','대전 대덕구 갑천도시고속도로 336 (문평동)대전 대덕구 문평동 400-4','ㅁㄴㅇㅁㄴㅇ','배송완료','','2022-05-26 09:17:44','신용카드','삼성','일시불',NULL,NULL,NULL,NULL,NULL,NULL),(87,15,66,'테스트','테스트1',1,'',15000,10000,2500,0,'일반택배','내가','010','1234',' 4321','02','','','34303','대전 대덕구 갑천도시고속도로 336 (문평동)대전 대덕구 문평동 400-4','ㅁㄴㅇㅁㄴㅇ','주문취소','','2022-05-25 09:17:44','신용카드','삼성','일시불',NULL,NULL,NULL,NULL,NULL,NULL),(88,15,73,'테스트','002',1,'',10000,7000,2500,0,'일반택배','내가','010','1234',' 4321','02','','','34303','대전 대덕구 갑천도시고속도로 336 (문평동)대전 대덕구 문평동 400-4','ㅁㄴㅇㅁㄴㅇ','주문접수중','','2022-05-24 09:17:44','신용카드','삼성','일시불',NULL,NULL,NULL,NULL,NULL,NULL),(89,15,74,'테스트','003',1,'',10000,7000,2500,0,'일반택배','내가','010','1234',' 4321','02','','','34303','대전 대덕구 갑천도시고속도로 336 (문평동)대전 대덕구 문평동 400-4','ㅁㄴㅇㅁㄴㅇ','주문접수중','','2022-05-23 09:17:44','신용카드','삼성','일시불',NULL,NULL,NULL,NULL,NULL,NULL),(90,15,75,'테스트','004',1,'',20000,18000,1800,0,'일반택배','내가','010','1234',' 4321','02','','','34303','대전 대덕구 갑천도시고속도로 336 (문평동)대전 대덕구 문평동 400-4','ㅁㄴㅇㅁㄴㅇ','주문접수중','','2022-05-22 09:17:44','신용카드','삼성','일시불',NULL,NULL,NULL,NULL,NULL,NULL),(91,15,77,'테스트','006',1,'',20000,18000,1800,0,'일반택배','내가','010','1234',' 4321','02','','','34303','대전 대덕구 갑천도시고속도로 336 (문평동)대전 대덕구 문평동 400-4','ㅁㄴㅇㅁㄴㅇ','주문접수중','','2022-05-21 09:17:44','신용카드','삼성','일시불',NULL,NULL,NULL,NULL,NULL,NULL),(92,15,78,'테스트','007',1,'',20000,18000,1800,0,'일반택배','내가','010','1234',' 4321','02','','','34303','대전 대덕구 갑천도시고속도로 336 (문평동)대전 대덕구 문평동 400-4','ㅁㄴㅇㅁㄴㅇ','주문접수중','','2022-05-20 09:17:44','신용카드','삼성','일시불',NULL,NULL,NULL,NULL,NULL,NULL),(93,15,73,'테스트','002',1,'n',10000,7000,2500,0,'일반택배','asdasd','010','1234',' 4321','02','','','34303','대전 대덕구 갑천도시고속도로 336 (문평동)대전 대덕구 문평동 400-4','ㅁㄴㅇㅁㄴㅇ','주문접수중','','2022-04-27 12:15:28','신용카드','삼성','일시불',NULL,NULL,NULL,NULL,NULL,NULL),(94,15,66,'테스트','테스트1',1,'',15000,10000,2500,0,'일반택배','asdasd','010','1234',' 4321','02','','','34303','대전 대덕구 갑천도시고속도로 336 (문평동)대전 대덕구 문평동 400-4','ㅁㄴㅇㅁㄴㅇ','주문접수중','','2022-03-27 12:15:28','신용카드','삼성','일시불',NULL,NULL,NULL,NULL,NULL,NULL),(95,15,68,'테스트','판매자01',1,'',10000,7000,3000,0,'일반택배','asdasd','010','1234',' 4321','02','','','34303','대전 대덕구 갑천도시고속도로 336 (문평동)대전 대덕구 문평동 400-4','ㅁㄴㅇㅁㄴㅇ','주문접수중','','2022-02-27 12:15:28','신용카드','삼성','일시불',NULL,NULL,NULL,NULL,NULL,NULL),(96,15,74,'테스트','003',1,'',10000,7000,2500,0,'일반택배','asdasd','010','1234',' 4321','02','','','34303','대전 대덕구 갑천도시고속도로 336 (문평동)대전 대덕구 문평동 400-4','ㅁㄴㅇㅁㄴㅇ','반품','','2022-01-27 12:15:28','신용카드','삼성','일시불',NULL,NULL,NULL,NULL,NULL,NULL),(97,15,75,'테스트','004',1,'',20000,18000,1800,0,'일반택배','asdasd','010','1234',' 4321','02','','','34303','대전 대덕구 갑천도시고속도로 336 (문평동)대전 대덕구 문평동 400-4','ㅁㄴㅇㅁㄴㅇ','주문취소','','2021-05-27 12:15:28','신용카드','삼성','일시불',NULL,NULL,NULL,NULL,NULL,NULL),(98,15,77,'테스트','006',1,'',20000,18000,1800,0,'일반택배','asdasd','010','1234',' 4321','02','','','34303','대전 대덕구 갑천도시고속도로 336 (문평동)대전 대덕구 문평동 400-4','ㅁㄴㅇㅁㄴㅇ','배송중','','2022-05-27 12:15:28','신용카드','삼성','일시불',NULL,NULL,NULL,NULL,NULL,NULL),(99,15,78,'테스트','007',1,'',20000,18000,1800,0,'일반택배','asdasd','010','1234',' 4321','02','','','34303','대전 대덕구 갑천도시고속도로 336 (문평동)대전 대덕구 문평동 400-4','ㅁㄴㅇㅁㄴㅇ','배송중','','2022-05-27 12:15:28','신용카드','삼성','일시불',NULL,NULL,NULL,NULL,NULL,NULL),(100,15,27,'테스트','채리캐리어',1,'',18800,9999,2000,0,'일반택배','asdasd','010','1234',' 4321','02','','','34303','대전 대덕구 갑천도시고속도로 336 (문평동)대전 대덕구 문평동 400-4','ㅁㄴㅇㅁㄴㅇ','주문접수중','','2022-05-30 16:31:43','신용카드','삼성','일시불',NULL,NULL,NULL,NULL,NULL,NULL),(101,15,68,'테스트','판매자01',1,'',10000,7000,3000,0,'일반택배','asdasd','010','1234',' 4321','02','','','34303','대전 대덕구 갑천도시고속도로 336 (문평동)대전 대덕구 문평동 400-4','ㅁㄴㅇㅁㄴㅇ','주문접수중','','2022-05-30 16:31:43','신용카드','삼성','일시불',NULL,NULL,NULL,NULL,NULL,NULL),(102,15,66,'테스트','테스트1',1,'',15000,10000,2500,0,'일반택배','asdasd','010','1234',' 4321','02','','','34303','대전 대덕구 갑천도시고속도로 336 (문평동)대전 대덕구 문평동 400-4','ㅁㄴㅇㅁㄴㅇ','주문접수중','','2022-05-30 16:31:43','신용카드','삼성','일시불',NULL,NULL,NULL,NULL,NULL,NULL),(103,15,73,'테스트','002',1,'',10000,7000,2500,0,'일반택배','asdasd','010','1234',' 4321','02','','','34303','대전 대덕구 갑천도시고속도로 336 (문평동)대전 대덕구 문평동 400-4','ㅁㄴㅇㅁㄴㅇ','주문접수중','','2022-05-30 16:31:43','신용카드','삼성','일시불',NULL,NULL,NULL,NULL,NULL,NULL),(104,15,74,'테스트','003',1,'',10000,7000,2500,0,'일반택배','asdasd','010','1234',' 4321','02','','','34303','대전 대덕구 갑천도시고속도로 336 (문평동)대전 대덕구 문평동 400-4','ㅁㄴㅇㅁㄴㅇ','주문접수중','','2022-05-30 16:31:43','신용카드','삼성','일시불',NULL,NULL,NULL,NULL,NULL,NULL),(105,15,75,'테스트','004',1,'',20000,18000,1800,0,'일반택배','asdasd','010','1234',' 4321','02','','','34303','대전 대덕구 갑천도시고속도로 336 (문평동)대전 대덕구 문평동 400-4','ㅁㄴㅇㅁㄴㅇ','주문접수중','','2022-05-30 16:31:43','신용카드','삼성','일시불',NULL,NULL,NULL,NULL,NULL,NULL),(106,15,77,'테스트','006',1,'',20000,18000,1800,0,'일반택배','asdasd','010','1234',' 4321','02','','','34303','대전 대덕구 갑천도시고속도로 336 (문평동)대전 대덕구 문평동 400-4','ㅁㄴㅇㅁㄴㅇ','주문접수중','','2022-05-30 16:31:43','신용카드','삼성','일시불',NULL,NULL,NULL,NULL,NULL,NULL),(107,15,78,'테스트','007',1,'',20000,18000,1800,0,'일반택배','asdasd','010','1234',' 4321','02','','','34303','대전 대덕구 갑천도시고속도로 336 (문평동)대전 대덕구 문평동 400-4','ㅁㄴㅇㅁㄴㅇ','주문접수중','','2022-05-30 16:31:43','신용카드','삼성','일시불',NULL,NULL,NULL,NULL,NULL,NULL),(108,15,51,'테스트','렌탈용캐리어2',3,NULL,21600,12000,2000,21600,'일반택배','asdasd','010','1234',' 4321','02','','','34303','대전 대덕구 갑천도시고속도로 336 (문평동)대전 대덕구 문평동 400-4','ㅁㄴㅇㅁㄴㅇ','주문접수중','','2022-05-30 16:46:22','신용카드','삼성','일시불','2022-05-30 00:00:00','2022-06-11 00:00:00',NULL,NULL,NULL,NULL),(109,15,91,'테스트','렌탈테스트',5,NULL,120000,12000,2500,120000,'일반택배','asdasd','010','1234',' 4321','02','','','34303','대전 대덕구 갑천도시고속도로 336 (문평동)대전 대덕구 문평동 400-4','ㅁㄴㅇㅁㄴㅇ','배송중','','2022-05-30 16:48:33','신용카드','삼성','일시불','2022-05-30 00:00:00','2022-06-11 00:00:00',NULL,NULL,NULL,NULL),(110,1,54,'주문자','여행용캐리어ss',1,'n',12345,9000,2000,9000,'일반택배','asdasd','010','1234',' 4321','02','','','34303','대전 대덕구 갑천도시고속도로 336 (문평동)대전 대덕구 문평동 400-4','ㅁㄴㅇㅁㄴㅇ','주문접수중','','2022-06-07 13:59:46','신용카드','삼성','일시불',NULL,NULL,NULL,NULL,NULL,NULL),(111,15,93,'테스트','신상품1',1,'n',10000,1000,2500,1000,'일반택배','asdasd','010','1234',' 4321','02','','','34303','대전 대덕구 갑천도시고속도로 336 (문평동)대전 대덕구 문평동 400-4','ㅁㄴㅇㅁㄴㅇ','주문접수중','','2022-06-07 14:19:44','신용카드','삼성','일시불',NULL,NULL,NULL,NULL,NULL,NULL),(112,15,46,'테스트','화이트캐리어세트',1,'n',18800,9999,2000,9999,'일반택배','asdasd','010','1234',' 4321','02','','','34303','대전 대덕구 갑천도시고속도로 336 (문평동)대전 대덕구 문평동 400-4','ㅁㄴㅇㅁㄴㅇ','주문접수중','','2022-06-07 14:48:54','신용카드','삼성','일시불',NULL,NULL,NULL,NULL,NULL,NULL),(113,1,21,'ㄴㅁㄴㅇㅁ','여행용캐리어11',1,'',14400,5555,2000,0,'일반택배','asdasd','010','1234',' 4321','02','','','34303','대전 대덕구 갑천도시고속도로 336 (문평동)대전 대덕구 문평동 400-4','ㅁㄴㅇㅁㄴㅇ','주문접수중','','2022-06-13 16:20:07','신용카드','삼성','일시불',NULL,NULL,NULL,NULL,NULL,NULL),(114,1,23,'ㄴㅁㄴㅇㅁ','여행용캐리어13',1,'',16600,7777,2000,0,'일반택배','asdasd','010','1234',' 4321','02','','','34303','대전 대덕구 갑천도시고속도로 336 (문평동)대전 대덕구 문평동 400-4','ㅁㄴㅇㅁㄴㅇ','주문접수중','','2022-06-13 16:20:07','신용카드','삼성','일시불',NULL,NULL,NULL,NULL,NULL,NULL),(115,13,19,'유성현','여행용캐리어9',1,'n',19900,3333,2000,3333,'일반택배','asdasd','010','1234',' 4321','02','','','34303','대전 대덕구 갑천도시고속도로 336 (문평동)대전 대덕구 문평동 400-4','ㅁㄴㅇㅁㄴㅇ','주문접수중','','2022-06-16 09:34:01','신용카드','삼성','일시불',NULL,NULL,NULL,NULL,NULL,NULL),(116,13,21,'유성현','여행용캐리어11',1,'',14400,5555,2000,5555,'일반택배','asdasd','010','1234',' 4321','02','','','34303','대전 대덕구 갑천도시고속도로 336 (문평동)대전 대덕구 문평동 400-4','ㅁㄴㅇㅁㄴㅇ','주문접수중','','2022-06-16 09:38:32','신용카드','삼성','일시불',NULL,NULL,NULL,NULL,NULL,NULL),(117,13,16,'유성현','여행용캐리어6',1,'',19900,10000,2000,10000,'일반택배','asdasd','010','1234',' 4321','02','','','34303','대전 대덕구 갑천도시고속도로 336 (문평동)대전 대덕구 문평동 400-4','ㅁㄴㅇㅁㄴㅇ','주문접수중','','2022-06-16 09:38:32','신용카드','삼성','일시불',NULL,NULL,NULL,NULL,NULL,NULL),(118,13,1,'유성현','여행용캐리어',1,'화이트/Large',19900,10000,2000,10000,'일반택배','asdasd','010','1234',' 4321','02','','','34303','대전 대덕구 갑천도시고속도로 336 (문평동)대전 대덕구 문평동 400-4','ㅁㄴㅇㅁㄴㅇ','주문접수중','','2022-06-16 09:42:18','신용카드','삼성','일시불',NULL,NULL,NULL,NULL,NULL,NULL),(119,13,12,'유성현','여행용캐리어2',1,'블랙',19900,10000,2000,10000,'일반택배','asdasd','010','1234',' 4321','02','','','34303','대전 대덕구 갑천도시고속도로 336 (문평동)대전 대덕구 문평동 400-4','ㅁㄴㅇㅁㄴㅇ','주문접수중','','2022-06-16 09:42:18','신용카드','삼성','일시불',NULL,NULL,NULL,NULL,NULL,NULL),(120,13,20,'유성현','여행용캐리어10',1,'n',19900,4444,2000,4444,'일반택배','asdasd','010','1234',' 4321','02','','','34303','대전 대덕구 갑천도시고속도로 336 (문평동)대전 대덕구 문평동 400-4','ㅁㄴㅇㅁㄴㅇ','주문접수중','','2022-06-16 09:48:27','신용카드','삼성','일시불',NULL,NULL,NULL,NULL,NULL,NULL),(121,13,19,'유성현','여행용캐리어9',1,'n',19900,3333,2000,3333,'일반택배','asdasd','010','1234',' 4321','02','','','34303','대전 대덕구 갑천도시고속도로 336 (문평동)대전 대덕구 문평동 400-4','ㅁㄴㅇㅁㄴㅇ','주문접수중','','2022-06-16 10:13:01','신용카드','삼성','일시불',NULL,NULL,NULL,NULL,NULL,NULL),(122,13,25,'유성현','여행용캐리어15',1,'n',18800,9999,2000,9999,'일반택배','asdasd','010','1234',' 4321','02','','','34303','대전 대덕구 갑천도시고속도로 336 (문평동)대전 대덕구 문평동 400-4','ㅁㄴㅇㅁㄴㅇ','주문접수중','','2022-06-16 10:14:55','신용카드','삼성','일시불',NULL,NULL,NULL,NULL,NULL,NULL),(123,13,24,'유성현','여행용캐리어14',1,'n',17700,8888,2000,8888,'일반택배','asdasd','010','1234',' 4321','02','','','34303','대전 대덕구 갑천도시고속도로 336 (문평동)대전 대덕구 문평동 400-4','ㅁㄴㅇㅁㄴㅇ','주문접수중','','2022-06-16 10:14:55','신용카드','삼성','일시불',NULL,NULL,NULL,NULL,NULL,NULL),(124,13,23,'유성현','여행용캐리어13',1,'n',16600,7777,2000,7777,'일반택배','asdasd','010','1234',' 4321','02','','','34303','대전 대덕구 갑천도시고속도로 336 (문평동)대전 대덕구 문평동 400-4','ㅁㄴㅇㅁㄴㅇ','주문접수중','','2022-06-16 10:14:55','신용카드','삼성','일시불',NULL,NULL,NULL,NULL,NULL,NULL),(125,13,20,'유성현','여행용캐리어10',1,'n',19900,4444,2000,4444,'일반택배','asdasd','010','1234',' 4321','02','','','34303','대전 대덕구 갑천도시고속도로 336 (문평동)대전 대덕구 문평동 400-4','ㅁㄴㅇㅁㄴㅇ','주문접수중','','2022-06-16 10:28:55','신용카드','삼성','일시불',NULL,NULL,NULL,NULL,NULL,NULL),(126,13,21,'유성현','여행용캐리어11',1,'n',14400,5555,2000,5333,'일반택배','asdasd','010','1234',' 4321','02','','','34303','대전 대덕구 갑천도시고속도로 336 (문평동)대전 대덕구 문평동 400-4','ㅁㄴㅇㅁㄴㅇ','주문접수중','','2022-06-16 12:12:50','신용카드','삼성','일시불',NULL,NULL,NULL,NULL,NULL,NULL),(127,13,23,'유성현','여행용캐리어13',1,'n',16600,7777,2000,7777,'일반택배','asdasd','010','1234',' 4321','02','','','34303','대전 대덕구 갑천도시고속도로 336 (문평동)대전 대덕구 문평동 400-4','ㅁㄴㅇㅁㄴㅇ','주문접수중','','2022-06-16 12:12:50','신용카드','삼성','일시불',NULL,NULL,NULL,NULL,NULL,NULL),(128,13,24,'유성현','여행용캐리어14',1,'n',17700,8888,2000,8777,'일반택배','asdasd','010','1234',' 4321','02','','','34303','대전 대덕구 갑천도시고속도로 336 (문평동)대전 대덕구 문평동 400-4','ㅁㄴㅇㅁㄴㅇ','주문접수중','','2022-06-16 12:18:21','신용카드','삼성','일시불',NULL,NULL,NULL,NULL,NULL,NULL),(129,13,21,'유성현','여행용캐리어11',1,'n',14400,5555,2000,5555,'일반택배','asdasd','010','1234',' 4321','02','','','34303','대전 대덕구 갑천도시고속도로 336 (문평동)대전 대덕구 문평동 400-4','ㅁㄴㅇㅁㄴㅇ','주문접수중','','2022-06-16 12:18:22','신용카드','삼성','일시불',NULL,NULL,NULL,NULL,NULL,NULL),(130,13,21,'유성현','여행용캐리어11',1,'n',14400,5555,2000,5555,'일반택배','asdasd','010','1234',' 4321','02','','','34303','대전 대덕구 갑천도시고속도로 336 (문평동)대전 대덕구 문평동 400-4','ㅁㄴㅇㅁㄴㅇ','주문접수중','','2022-06-16 12:21:49','신용카드','삼성','일시불',NULL,NULL,NULL,NULL,NULL,NULL),(131,13,21,'유성현','여행용캐리어11',1,'n',14400,5555,2000,5555,'일반택배','asdasd','010','1234',' 4321','02','','','34303','대전 대덕구 갑천도시고속도로 336 (문평동)대전 대덕구 문평동 400-4','ㅁㄴㅇㅁㄴㅇ','주문접수중','','2022-06-16 12:21:59','신용카드','삼성','일시불',NULL,NULL,NULL,NULL,NULL,NULL),(132,13,21,'유성현','여행용캐리어11',1,'n',14400,5555,2000,5555,'일반택배','asdasd','010','1234',' 4321','02','','','34303','대전 대덕구 갑천도시고속도로 336 (문평동)대전 대덕구 문평동 400-4','ㅁㄴㅇㅁㄴㅇ','주문접수중','','2022-06-16 12:24:33','신용카드','삼성','일시불',NULL,NULL,NULL,NULL,NULL,NULL),(133,13,21,'유성현','여행용캐리어11',1,'n',14400,5555,2000,5444,'일반택배','asdasd','010','1234',' 4321','02','','','34303','대전 대덕구 갑천도시고속도로 336 (문평동)대전 대덕구 문평동 400-4','ㅁㄴㅇㅁㄴㅇ','주문접수중','','2022-06-16 12:24:46','신용카드','삼성','일시불',NULL,NULL,NULL,NULL,NULL,NULL),(134,13,21,'유성현','여행용캐리어11',1,'n',14400,5555,2000,5163,'일반택배','asdasd','010','1234',' 4321','02','','','34303','대전 대덕구 갑천도시고속도로 336 (문평동)대전 대덕구 문평동 400-4','ㅁㄴㅇㅁㄴㅇ','주문접수중','','2022-06-16 12:25:12','신용카드','삼성','일시불',NULL,NULL,NULL,NULL,NULL,NULL),(135,13,26,'유성현','스티커캐리어',1,'n',18800,9999,2000,9999,'일반택배','asdasd','010','1234',' 4321','02','','','34303','대전 대덕구 갑천도시고속도로 336 (문평동)대전 대덕구 문평동 400-4','ㅁㄴㅇㅁㄴㅇ','주문접수중','','2022-06-16 15:00:40','신용카드','삼성','일시불',NULL,NULL,NULL,NULL,NULL,NULL),(136,13,25,'유성현','여행용캐리어15',1,'n',18800,9999,2000,9999,'일반택배','asdasd','010','1234',' 4321','02','','','34303','대전 대덕구 갑천도시고속도로 336 (문평동)대전 대덕구 문평동 400-4','ㅁㄴㅇㅁㄴㅇ','주문접수중','','2022-06-16 15:00:40','신용카드','삼성','일시불',NULL,NULL,NULL,NULL,NULL,NULL),(137,13,24,'유성현','여행용캐리어14',1,'n',17700,8888,2000,8888,'일반택배','asdasd','010','1234',' 4321','02','','','34303','대전 대덕구 갑천도시고속도로 336 (문평동)대전 대덕구 문평동 400-4','ㅁㄴㅇㅁㄴㅇ','주문접수중','','2022-06-16 15:00:40','신용카드','삼성','일시불',NULL,NULL,NULL,NULL,NULL,NULL),(138,13,21,'유성현','여행용캐리어11',1,'n',14400,5555,2000,5414,'일반택배','asdasd','010','1234',' 4321','02','','','34303','대전 대덕구 갑천도시고속도로 336 (문평동)대전 대덕구 문평동 400-4','ㅁㄴㅇㅁㄴㅇ','주문접수중','','2022-06-16 16:26:45','신용카드','삼성','일시불',NULL,NULL,NULL,NULL,NULL,NULL),(139,13,21,'유성현','여행용캐리어11',1,'n',14400,5555,2000,5300,'일반택배','asdasd','010','1234',' 4321','02','','','34303','대전 대덕구 갑천도시고속도로 336 (문평동)대전 대덕구 문평동 400-4','ㅁㄴㅇㅁㄴㅇ','주문접수중','','2022-06-16 16:27:03','신용카드','삼성','일시불',NULL,NULL,NULL,NULL,NULL,NULL),(140,15,21,'테스트','여행용캐리어11',1,'',14400,5555,2000,5555,'일반택배','asdasd','010','1234',' 4321','02','','','34303','대전 대덕구 갑천도시고속도로 336 (문평동)대전 대덕구 문평동 400-4','ㅁㄴㅇㅁㄴㅇ','주문접수중','','2022-06-17 09:19:08','신용카드','삼성','일시불',NULL,NULL,NULL,NULL,NULL,NULL),(141,15,21,'테스트','여행용캐리어11',1,'',14400,5555,2000,5555,'일반택배','asdasd','010','1234',' 4321','02','','','34303','대전 대덕구 갑천도시고속도로 336 (문평동)대전 대덕구 문평동 400-4','ㅁㄴㅇㅁㄴㅇ','주문접수중','','2022-06-17 09:20:49','신용카드','삼성','일시불',NULL,NULL,NULL,NULL,NULL,NULL),(142,15,23,'테스트','여행용캐리어13',1,'',16600,7777,2000,7777,'일반택배','asdasd','010','1234',' 4321','02','','','34303','대전 대덕구 갑천도시고속도로 336 (문평동)대전 대덕구 문평동 400-4','ㅁㄴㅇㅁㄴㅇ','주문접수중','','2022-06-17 09:21:10','신용카드','삼성','일시불',NULL,NULL,NULL,NULL,NULL,NULL),(143,15,21,'테스트','여행용캐리어11',1,'n',14400,5555,2000,5555,'일반택배','asdasd','010','1234',' 4321','02','','','34303','대전 대덕구 갑천도시고속도로 336 (문평동)대전 대덕구 문평동 400-4','ㅁㄴㅇㅁㄴㅇ','주문접수중','','2022-06-17 09:22:57','신용카드','삼성','일시불',NULL,NULL,NULL,NULL,NULL,NULL),(144,15,21,'테스트','여행용캐리어11',1,'',14400,5555,2000,5313,'일반택배','asdasd','010','1234',' 4321','02','','','34303','대전 대덕구 갑천도시고속도로 336 (문평동)대전 대덕구 문평동 400-4','ㅁㄴㅇㅁㄴㅇ','주문접수중','','2022-06-17 10:22:14','신용카드','삼성','일시불',NULL,NULL,NULL,NULL,NULL,NULL),(145,15,26,'테스트','스티커캐리어',1,'',18800,9999,2000,9944,'일반택배','asdasd','010','1234',' 4321','02','','','34303','대전 대덕구 갑천도시고속도로 336 (문평동)대전 대덕구 문평동 400-4','ㅁㄴㅇㅁㄴㅇ','주문접수중','','2022-06-17 10:22:59','신용카드','삼성','일시불',NULL,NULL,NULL,NULL,NULL,NULL),(146,15,24,'테스트','여행용캐리어14',1,'',17700,8888,2000,8888,'일반택배','asdasd','010','1234',' 4321','02','','','34303','대전 대덕구 갑천도시고속도로 336 (문평동)대전 대덕구 문평동 400-4','ㅁㄴㅇㅁㄴㅇ','주문접수중','','2022-06-17 10:22:59','신용카드','삼성','일시불',NULL,NULL,NULL,NULL,NULL,NULL),(147,15,23,'테스트','여행용캐리어13',1,'',16600,7777,2000,7777,'일반택배','asdasd','010','1234',' 4321','02','','','34303','대전 대덕구 갑천도시고속도로 336 (문평동)대전 대덕구 문평동 400-4','ㅁㄴㅇㅁㄴㅇ','주문접수중','','2022-06-17 10:22:59','신용카드','삼성','일시불',NULL,NULL,NULL,NULL,NULL,NULL),(148,15,21,'테스트','여행용캐리어11',1,'',14400,5555,2000,5555,'일반택배','asdasd','010','1234',' 4321','02','','','34303','대전 대덕구 갑천도시고속도로 336 (문평동)대전 대덕구 문평동 400-4','ㅁㄴㅇㅁㄴㅇ','주문접수중','','2022-06-17 10:22:59','신용카드','삼성','일시불',NULL,NULL,NULL,NULL,NULL,NULL),(149,15,24,'테스트','여행용캐리어14',1,'',17700,8888,2000,8888,'일반택배','asdasd','010','1234',' 4321','02','','','34303','대전 대덕구 갑천도시고속도로 336 (문평동)대전 대덕구 문평동 400-4','ㅁㄴㅇㅁㄴㅇ','주문접수중','','2022-06-17 10:23:58','신용카드','삼성','일시불',NULL,NULL,NULL,NULL,NULL,NULL),(150,15,23,'테스트','여행용캐리어13',1,'',16600,7777,2000,7777,'일반택배','asdasd','010','1234',' 4321','02','','','34303','대전 대덕구 갑천도시고속도로 336 (문평동)대전 대덕구 문평동 400-4','ㅁㄴㅇㅁㄴㅇ','주문접수중','','2022-06-17 10:23:58','신용카드','삼성','일시불',NULL,NULL,NULL,NULL,NULL,NULL),(151,15,21,'테스트','여행용캐리어11',1,'',14400,5555,2000,5555,'일반택배','asdasd','010','1234',' 4321','02','','','34303','대전 대덕구 갑천도시고속도로 336 (문평동)대전 대덕구 문평동 400-4','ㅁㄴㅇㅁㄴㅇ','주문접수중','','2022-06-17 10:23:58','신용카드','삼성','일시불',NULL,NULL,NULL,NULL,NULL,NULL),(152,15,94,'테스트','도난방지가방',3,'레드',30000,18000,2500,17461,'일반택배','asdasd','010','1234',' 4321','02','','','34303','대전 대덕구 갑천도시고속도로 336 (문평동)대전 대덕구 문평동 400-4','ㅁㄴㅇㅁㄴㅇ','주문접수중','','2022-06-17 11:36:44','신용카드','삼성','일시불',NULL,NULL,NULL,NULL,NULL,NULL),(153,15,21,'테스트','여행용캐리어11',2,'',14400,5555,2000,5555,'일반택배','asdasd','010','1234',' 4321','02','','','34303','대전 대덕구 갑천도시고속도로 336 (문평동)대전 대덕구 문평동 400-4','ㅁㄴㅇㅁㄴㅇ','주문접수중','','2022-06-17 11:36:44','신용카드','삼성','일시불',NULL,NULL,NULL,NULL,NULL,NULL),(154,15,94,'테스트','도난방지가방',3,'블루',30000,18000,2500,18000,'일반택배','asdasd','010','1234',' 4321','02','','','34303','대전 대덕구 갑천도시고속도로 336 (문평동)대전 대덕구 문평동 400-4','ㅁㄴㅇㅁㄴㅇ','주문접수중','','2022-06-17 11:48:04','신용카드','삼성','일시불',NULL,NULL,NULL,NULL,NULL,NULL),(155,15,94,'테스트','도난방지가방',4,'퍼플',30000,18000,2500,18000,'일반택배','asdasd','010','1234',' 4321','02','','','34303','대전 대덕구 갑천도시고속도로 336 (문평동)대전 대덕구 문평동 400-4','ㅁㄴㅇㅁㄴㅇ','주문접수중','','2022-06-17 11:53:20','신용카드','삼성','일시불',NULL,NULL,NULL,NULL,NULL,NULL),(156,15,94,'테스트','도난방지가방',3,'레드',30000,18000,2500,18000,'일반택배','asdasd','010','1234',' 4321','02','','','34303','대전 대덕구 갑천도시고속도로 336 (문평동)대전 대덕구 문평동 400-4','ㅁㄴㅇㅁㄴㅇ','주문접수중','','2022-06-17 12:15:36','신용카드','삼성','일시불',NULL,NULL,NULL,NULL,NULL,NULL),(157,15,94,'테스트','도난방지가방',3,'레드',30000,18000,2500,18000,'일반택배','asdasd','010','1234',' 4321','02','','','34303','대전 대덕구 갑천도시고속도로 336 (문평동)대전 대덕구 문평동 400-4','ㅁㄴㅇㅁㄴㅇ','주문접수중','','2022-06-17 12:16:01','신용카드','삼성','일시불',NULL,NULL,NULL,NULL,NULL,NULL),(158,15,94,'테스트','도난방지가방',4,'레드',30000,18000,2500,17800,'일반택배','asdasd','010','1234',' 4321','02','','','34303','대전 대덕구 갑천도시고속도로 336 (문평동)대전 대덕구 문평동 400-4','ㅁㄴㅇㅁㄴㅇ','주문접수중','','2022-06-17 12:29:36','신용카드','삼성','일시불',NULL,NULL,NULL,NULL,NULL,NULL),(159,15,54,'테스트','여행용캐리어ss',2,'',12345,9000,2000,9000,'일반택배','asdasd','010','1234',' 4321','02','','','34303','대전 대덕구 갑천도시고속도로 336 (문평동)대전 대덕구 문평동 400-4','ㅁㄴㅇㅁㄴㅇ','주문접수중','','2022-06-17 12:29:36','신용카드','삼성','일시불',NULL,NULL,NULL,NULL,NULL,NULL),(160,15,55,'테스트','여행용캐리어ss',2,'',12345,8000,2000,8000,'일반택배','asdasd','010','1234',' 4321','02','','','34303','대전 대덕구 갑천도시고속도로 336 (문평동)대전 대덕구 문평동 400-4','ㅁㄴㅇㅁㄴㅇ','주문접수중','','2022-06-17 12:29:36','신용카드','삼성','일시불',NULL,NULL,NULL,NULL,NULL,NULL),(161,15,94,'테스트','도난방지가방',2,'레드',30000,18000,2500,17336,'일반택배','asdasd','010','1234',' 4321','02','','','34303','대전 대덕구 갑천도시고속도로 336 (문평동)대전 대덕구 문평동 400-4','ㅁㄴㅇㅁㄴㅇ','주문접수중','','2022-06-17 12:41:45','신용카드','삼성','일시불',NULL,NULL,NULL,NULL,NULL,NULL),(162,15,39,'테스트','검정캐리어',1,'',18800,9999,2000,9999,'일반택배','asdasd','010','1234',' 4321','02','','','34303','대전 대덕구 갑천도시고속도로 336 (문평동)대전 대덕구 문평동 400-4','ㅁㄴㅇㅁㄴㅇ','주문접수중','','2022-06-17 12:41:45','신용카드','삼성','일시불',NULL,NULL,NULL,NULL,NULL,NULL),(163,15,21,'테스트','여행용캐리어11',3,'',14400,5555,2000,5555,'일반택배','asdasd','010','1234',' 4321','02','','','34303','대전 대덕구 갑천도시고속도로 336 (문평동)대전 대덕구 문평동 400-4','ㅁㄴㅇㅁㄴㅇ','주문접수중','','2022-06-17 12:41:45','신용카드','삼성','일시불',NULL,NULL,NULL,NULL,NULL,NULL),(164,15,94,'테스트','도난방지가방',2,'레드',30000,18000,2500,16672,'일반택배','asdasd','010','1234',' 4321','02','','','34303','대전 대덕구 갑천도시고속도로 336 (문평동)대전 대덕구 문평동 400-4','ㅁㄴㅇㅁㄴㅇ','주문접수중','','2022-06-17 12:43:03','신용카드','삼성','일시불',NULL,NULL,NULL,NULL,NULL,NULL),(165,15,39,'테스트','검정캐리어',1,'',18800,9999,2000,9999,'일반택배','asdasd','010','1234',' 4321','02','','','34303','대전 대덕구 갑천도시고속도로 336 (문평동)대전 대덕구 문평동 400-4','ㅁㄴㅇㅁㄴㅇ','주문접수중','','2022-06-17 12:43:03','신용카드','삼성','일시불',NULL,NULL,NULL,NULL,NULL,NULL),(166,15,21,'테스트','여행용캐리어11',3,'',14400,5555,2000,5555,'일반택배','asdasd','010','1234',' 4321','02','','','34303','대전 대덕구 갑천도시고속도로 336 (문평동)대전 대덕구 문평동 400-4','ㅁㄴㅇㅁㄴㅇ','주문접수중','','2022-06-17 12:43:03','신용카드','삼성','일시불',NULL,NULL,NULL,NULL,NULL,NULL),(167,15,94,'테스트','도난방지가방',2,'레드',30000,18000,2500,16008,'일반택배','asdasd','010','1234',' 4321','02','','','34303','대전 대덕구 갑천도시고속도로 336 (문평동)대전 대덕구 문평동 400-4','ㅁㄴㅇㅁㄴㅇ','주문접수중','','2022-06-17 12:43:53','신용카드','삼성','일시불',NULL,NULL,NULL,NULL,NULL,NULL),(168,15,39,'테스트','검정캐리어',1,'',18800,9999,2000,9999,'일반택배','asdasd','010','1234',' 4321','02','','','34303','대전 대덕구 갑천도시고속도로 336 (문평동)대전 대덕구 문평동 400-4','ㅁㄴㅇㅁㄴㅇ','주문접수중','','2022-06-17 12:43:53','신용카드','삼성','일시불',NULL,NULL,NULL,NULL,NULL,NULL),(169,15,21,'테스트','여행용캐리어11',3,'',14400,5555,2000,5555,'일반택배','asdasd','010','1234',' 4321','02','','','34303','대전 대덕구 갑천도시고속도로 336 (문평동)대전 대덕구 문평동 400-4','ㅁㄴㅇㅁㄴㅇ','주문접수중','','2022-06-17 12:43:53','신용카드','삼성','일시불',NULL,NULL,NULL,NULL,NULL,NULL),(170,15,48,'테스트','다용도여행배낭',1,'',18800,9999,2000,9989,'일반택배','없음','010','1234',' 4321','02','','','34303','대전 대덕구 갑천도시고속도로 336 (문평동)대전 대덕구 문평동 400-4','ㅁㄴㅇㅁㄴㅇ','주문접수중','','2022-06-21 09:37:49','신용카드','삼성','일시불',NULL,NULL,NULL,NULL,NULL,NULL),(171,15,49,'테스트','가죽여행배낭',1,'',18800,9999,2000,9999,'일반택배','없음','010','1234',' 4321','02','','','34303','대전 대덕구 갑천도시고속도로 336 (문평동)대전 대덕구 문평동 400-4','ㅁㄴㅇㅁㄴㅇ','주문접수중','','2022-06-21 09:37:49','신용카드','삼성','일시불',NULL,NULL,NULL,NULL,NULL,NULL),(172,15,94,'테스트','도난방지가방',3,'블루',30000,18000,2500,18000,'일반택배','없음','010','1234',' 4321','02','','','34303','대전 대덕구 갑천도시고속도로 336 (문평동)대전 대덕구 문평동 400-4','ㅁㄴㅇㅁㄴㅇ','주문접수중','','2022-06-21 09:37:49','신용카드','삼성','일시불',NULL,NULL,NULL,NULL,NULL,NULL),(173,15,47,'테스트','블랙민트여행배낭',1,'',18800,9999,2000,9999,'일반택배','없음','010','1234',' 4321','02','','','34303','대전 대덕구 갑천도시고속도로 336 (문평동)대전 대덕구 문평동 400-4','ㅁㄴㅇㅁㄴㅇ','주문접수중','','2022-06-21 09:37:49','신용카드','삼성','일시불',NULL,NULL,NULL,NULL,NULL,NULL),(174,15,46,'테스트','화이트캐리어세트',1,'',18800,9999,2000,9999,'일반택배','없음','010','1234',' 4321','02','','','34303','대전 대덕구 갑천도시고속도로 336 (문평동)대전 대덕구 문평동 400-4','ㅁㄴㅇㅁㄴㅇ','주문접수중','','2022-06-21 09:37:49','신용카드','삼성','일시불',NULL,NULL,NULL,NULL,NULL,NULL),(175,15,43,'테스트','다크캐리어',1,'',18800,9999,2000,9999,'일반택배','없음','010','1234',' 4321','02','','','34303','대전 대덕구 갑천도시고속도로 336 (문평동)대전 대덕구 문평동 400-4','ㅁㄴㅇㅁㄴㅇ','주문접수중','','2022-06-21 09:37:49','신용카드','삼성','일시불',NULL,NULL,NULL,NULL,NULL,NULL),(176,15,39,'테스트','검정캐리어',1,'',18800,9999,2000,9999,'일반택배','없음','010','1234',' 4321','02','','','34303','대전 대덕구 갑천도시고속도로 336 (문평동)대전 대덕구 문평동 400-4','ㅁㄴㅇㅁㄴㅇ','주문접수중','','2022-06-21 09:37:49','신용카드','삼성','일시불',NULL,NULL,NULL,NULL,NULL,NULL),(177,15,26,'테스트','스티커캐리어',1,'n',18800,9999,2000,9999,'일반택배','없음','010','1234',' 4321','02','','','34303','대전 대덕구 갑천도시고속도로 336 (문평동)대전 대덕구 문평동 400-4','ㅁㄴㅇㅁㄴㅇ','주문접수중','','2022-06-21 09:37:49','신용카드','삼성','일시불',NULL,NULL,NULL,NULL,NULL,NULL);
/*!40000 ALTER TABLE `order` ENABLE KEYS */;
UNLOCK TABLES;

--
-- Table structure for table `p_maincategory`
--

DROP TABLE IF EXISTS `p_maincategory`;
/*!40101 SET @saved_cs_client     = @@character_set_client */;
/*!50503 SET character_set_client = utf8mb4 */;
CREATE TABLE `p_maincategory` (
  `p_mainNum` int NOT NULL AUTO_INCREMENT,
  `mainCategoryName` varchar(30) NOT NULL,
  PRIMARY KEY (`p_mainNum`)
) ENGINE=InnoDB AUTO_INCREMENT=8 DEFAULT CHARSET=utf8mb3;
/*!40101 SET character_set_client = @saved_cs_client */;

--
-- Dumping data for table `p_maincategory`
--

LOCK TABLES `p_maincategory` WRITE;
/*!40000 ALTER TABLE `p_maincategory` DISABLE KEYS */;
INSERT INTO `p_maincategory` VALUES (1,'여행가방 하드/소프트'),(2,'배낭/보조가방'),(3,'수납백/편의용품'),(4,'어댑터/전자'),(5,'캠핑용품'),(6,'렌탈'),(7,'-');
/*!40000 ALTER TABLE `p_maincategory` ENABLE KEYS */;
UNLOCK TABLES;

--
-- Table structure for table `p_subcategory`
--

DROP TABLE IF EXISTS `p_subcategory`;
/*!40101 SET @saved_cs_client     = @@character_set_client */;
/*!50503 SET character_set_client = utf8mb4 */;
CREATE TABLE `p_subcategory` (
  `p_subNum` int NOT NULL AUTO_INCREMENT,
  `p_mainNum` int NOT NULL,
  `mainCategoryName` varchar(30) NOT NULL,
  `subCategoryName` varchar(30) NOT NULL,
  PRIMARY KEY (`p_subNum`),
  KEY `fk_p_subcategory_p_maincategory1_idx` (`p_mainNum`),
  CONSTRAINT `fk_p_subcategory_p_maincategory1` FOREIGN KEY (`p_mainNum`) REFERENCES `p_maincategory` (`p_mainNum`)
) ENGINE=InnoDB AUTO_INCREMENT=33 DEFAULT CHARSET=utf8mb3;
/*!40101 SET character_set_client = @saved_cs_client */;

--
-- Dumping data for table `p_subcategory`
--

LOCK TABLES `p_subcategory` WRITE;
/*!40000 ALTER TABLE `p_subcategory` DISABLE KEYS */;
INSERT INTO `p_subcategory` VALUES (1,1,'여행가방 하드/소프트','기내가방'),(2,2,'배낭/보조가방','여행배낭'),(3,3,'수납백/편의용품','여행파우치세트'),(4,4,'어댑터/전자','멀티어댑터'),(5,5,'캠핑용품','캠핑용품'),(6,6,'렌탈','렌탈'),(7,7,'-','-'),(8,1,'여행가방 하드/소프트','중형가방'),(9,1,'여행가방 하드/소프트','대형가방'),(10,1,'여행가방 하드/소프트','여행가방세트'),(11,1,'여행가방 하드/소프트','유아/아동 여행가방'),(12,2,'배낭/보조가방','도난방지가방'),(13,2,'배낭/보조가방','백팩/보조배낭'),(14,2,'배낭/보조가방','보스턴백/더플백'),(15,2,'배낭/보조가방','여행보조가방'),(16,2,'배낭/보조가방','접이식가방/폴딩백'),(17,2,'배낭/보조가방','침낭/타올/멀티스카프'),(18,3,'수납백/편의용품','의류/속옷파우치'),(19,3,'수납백/편의용품','다용도 여행파우치'),(20,3,'수납백/편의용품','목베개/안대/슬리퍼'),(21,3,'수납백/편의용품','압축백/지퍼백'),(22,3,'수납백/편의용품','편의용품/우의'),(23,3,'수납백/편의용품','디지털/가전'),(24,4,'어댑터/전자','국가별어댑터'),(25,4,'어댑터/전자','여행별 전자제품'),(26,4,'어댑터/전자','후레쉬/북라이트'),(27,5,'캠핑용품','등산용품'),(28,5,'캠핑용품','여행신발'),(29,5,'캠핑용품','슬리퍼'),(30,5,'캠핑용품','물놀이용품'),(31,5,'캠핑용품','기타');
/*!40000 ALTER TABLE `p_subcategory` ENABLE KEYS */;
UNLOCK TABLES;

--
-- Table structure for table `point`
--

DROP TABLE IF EXISTS `point`;
/*!40101 SET @saved_cs_client     = @@character_set_client */;
/*!50503 SET character_set_client = utf8mb4 */;
CREATE TABLE `point` (
  `pointNum` int NOT NULL AUTO_INCREMENT,
  `memberNum` int NOT NULL,
  `pointUseDate` datetime NOT NULL DEFAULT CURRENT_TIMESTAMP,
  `pointContents` varchar(3000) NOT NULL,
  `pointSave` int DEFAULT '0',
  `pointUse` int DEFAULT '0',
  PRIMARY KEY (`pointNum`),
  KEY `fk_point_member1_idx` (`memberNum`),
  CONSTRAINT `fk_point_member1` FOREIGN KEY (`memberNum`) REFERENCES `member` (`memberNum`)
) ENGINE=InnoDB AUTO_INCREMENT=76 DEFAULT CHARSET=utf8mb3;
/*!40101 SET character_set_client = @saved_cs_client */;

--
-- Dumping data for table `point`
--

LOCK TABLES `point` WRITE;
/*!40000 ALTER TABLE `point` DISABLE KEYS */;
INSERT INTO `point` VALUES (1,1,'2022-04-21 00:00:00','지퍼백구매',NULL,NULL),(2,2,'2022-03-30 00:00:00','여행용캐리어구매',NULL,NULL),(3,3,'2022-04-14 00:00:00','랜턴구매',NULL,NULL),(4,4,'2022-04-05 00:00:00','핸드폰구매',NULL,NULL),(5,5,'2022-04-01 00:00:00','랜턴구매',NULL,NULL),(6,13,'2022-06-16 10:13:01','상품구매',33,0),(7,13,'2022-06-16 10:14:55','상품구매',99,0),(8,13,'2022-06-16 10:14:55','상품구매',88,0),(9,13,'2022-06-16 10:14:55','상품구매',77,0),(10,13,'2022-06-16 10:28:55','상품구매',44,0),(11,13,'2022-06-16 12:12:50','상품구매',55,0),(12,13,'2022-06-16 12:12:50','상품구매',77,0),(13,13,'2022-06-16 12:18:21','포인트사용',0,111),(14,13,'2022-06-16 12:18:21','상품구매',88,0),(15,13,'2022-06-16 12:18:22','상품구매',55,0),(16,13,'2022-06-16 12:21:49','상품구매',55,0),(17,13,'2022-06-16 12:21:59','상품구매',55,0),(18,13,'2022-06-16 12:24:33','상품구매',55,0),(19,13,'2022-06-16 12:24:46','포인트사용',0,111),(20,13,'2022-06-16 12:24:46','상품구매',55,0),(21,13,'2022-06-16 12:25:12','포인트사용',0,392),(22,13,'2022-06-16 12:25:12','상품구매',55,0),(23,13,'2022-06-16 15:00:40','상품구매',99,0),(24,13,'2022-06-16 15:00:40','상품구매',99,0),(25,13,'2022-06-16 15:00:40','상품구매',88,0),(26,13,'2022-06-16 16:26:45','포인트사용',0,141),(27,13,'2022-06-16 16:26:45','상품구매',55,0),(28,13,'2022-06-16 16:27:03','포인트사용',0,255),(29,13,'2022-06-16 16:27:03','상품구매',55,0),(30,15,'2022-06-17 09:19:08','상품구매',55,0),(31,15,'2022-06-17 09:20:49','상품구매',55,0),(32,15,'2022-06-17 09:21:10','상품구매',77,0),(33,15,'2022-06-17 09:22:57','상품구매',55,0),(34,15,'2022-06-17 10:22:14','포인트사용',0,242),(35,15,'2022-06-17 10:22:14','상품구매',55,0),(36,15,'2022-06-17 10:22:59','포인트사용',0,55),(37,15,'2022-06-17 10:22:59','상품구매',99,0),(38,15,'2022-06-17 10:22:59','상품구매',88,0),(39,15,'2022-06-17 10:22:59','상품구매',77,0),(40,15,'2022-06-17 10:22:59','상품구매',55,0),(41,15,'2022-06-17 10:23:58','상품구매',88,0),(42,15,'2022-06-17 10:23:58','상품구매',77,0),(43,15,'2022-06-17 10:23:58','상품구매',55,0),(44,15,'2022-06-17 11:36:44','포인트사용',0,539),(45,15,'2022-06-17 11:36:44','상품구매',180,0),(46,15,'2022-06-17 11:36:44','상품구매',55,0),(47,15,'2022-06-17 11:48:04','상품구매',180,0),(48,15,'2022-06-17 11:53:20','상품구매',180,0),(49,15,'2022-06-17 12:15:36','상품구매',180,0),(50,15,'2022-06-17 12:16:01','상품구매',180,0),(51,15,'2022-06-17 12:29:36','포인트사용',0,200),(52,15,'2022-06-17 12:29:36','상품구매',180,0),(53,15,'2022-06-17 12:29:36','상품구매',90,0),(54,15,'2022-06-17 12:29:36','상품구매',80,0),(55,15,'2022-06-17 12:41:45','포인트사용',0,664),(56,15,'2022-06-17 12:41:45','상품구매',180,0),(57,15,'2022-06-17 12:41:45','상품구매',99,0),(58,15,'2022-06-17 12:41:45','상품구매',55,0),(59,15,'2022-06-17 12:43:03','포인트사용',0,664),(60,15,'2022-06-17 12:43:03','상품구매',180,0),(61,15,'2022-06-17 12:43:03','상품구매',99,0),(62,15,'2022-06-17 12:43:03','상품구매',55,0),(63,15,'2022-06-17 12:43:53','포인트사용',0,664),(64,15,'2022-06-17 12:43:53','상품구매',180,0),(65,15,'2022-06-17 12:43:53','상품구매',99,0),(66,15,'2022-06-17 12:43:53','상품구매',55,0),(67,15,'2022-06-21 09:37:49','포인트사용',0,10),(68,15,'2022-06-21 09:37:49','상품구매',99,0),(69,15,'2022-06-21 09:37:49','상품구매',99,0),(70,15,'2022-06-21 09:37:49','상품구매',180,0),(71,15,'2022-06-21 09:37:49','상품구매',99,0),(72,15,'2022-06-21 09:37:49','상품구매',99,0),(73,15,'2022-06-21 09:37:49','상품구매',99,0),(74,15,'2022-06-21 09:37:49','상품구매',99,0),(75,15,'2022-06-21 09:37:49','상품구매',99,0);
/*!40000 ALTER TABLE `point` ENABLE KEYS */;
UNLOCK TABLES;

--
-- Table structure for table `product`
--

DROP TABLE IF EXISTS `product`;
/*!40101 SET @saved_cs_client     = @@character_set_client */;
/*!50503 SET character_set_client = utf8mb4 */;
CREATE TABLE `product` (
  `productNum` int NOT NULL AUTO_INCREMENT,
  `p_mainNum` int NOT NULL,
  `sellerNum` int NOT NULL,
  `p_subNum` int NOT NULL,
  `mainCategoryName` varchar(30) NOT NULL,
  `subCategoryName` varchar(30) NOT NULL,
  `typeName` varchar(30) NOT NULL,
  `productName` varchar(100) NOT NULL,
  `productOption` varchar(3000) NOT NULL DEFAULT 'n',
  `productOption2` varchar(3000) NOT NULL DEFAULT 'n',
  `sellerName` varchar(50) DEFAULT NULL,
  `originPrice` int NOT NULL,
  `productPrice` int NOT NULL,
  `productDelivery` int NOT NULL DEFAULT '0',
  `productsStock` int NOT NULL,
  `productStar` int NOT NULL DEFAULT '1',
  `productDisplay` varchar(20) NOT NULL,
  `productDetail` varchar(3000) DEFAULT NULL,
  `productRegDate` datetime NOT NULL DEFAULT CURRENT_TIMESTAMP,
  PRIMARY KEY (`productNum`),
  KEY `fk_product_seller1_idx` (`sellerNum`),
  KEY `fk_product_p_subcategory1_idx` (`p_subNum`),
  KEY `fk_product_p_maincategory1_idx` (`p_mainNum`),
  CONSTRAINT `fk_product_p_maincategory1` FOREIGN KEY (`p_mainNum`) REFERENCES `p_maincategory` (`p_mainNum`),
  CONSTRAINT `fk_product_p_subcategory1` FOREIGN KEY (`p_subNum`) REFERENCES `p_subcategory` (`p_subNum`),
  CONSTRAINT `fk_product_seller1` FOREIGN KEY (`sellerNum`) REFERENCES `seller` (`sellerNum`)
) ENGINE=InnoDB AUTO_INCREMENT=95 DEFAULT CHARSET=utf8mb3;
/*!40101 SET character_set_client = @saved_cs_client */;

--
-- Dumping data for table `product`
--

LOCK TABLES `product` WRITE;
/*!40000 ALTER TABLE `product` DISABLE KEYS */;
INSERT INTO `product` VALUES (1,1,1,1,'여행가방 하드/소프트','기내가방','신상','여행용캐리어','블랙/화이트/블루/레드','Large/Medium/Small','홍길동',19900,10000,2000,50,2,'bestItem','기내용 가방입니다','2022-04-21 16:59:05'),(2,2,2,2,'배낭/보조가방','여행배낭','신상','랜턴','n','n','이순신',19900,10000,2000,1,2,'bestItem','랜턴입니다','2022-04-21 16:59:50'),(3,3,3,3,'수납백/편의용품','편의용품/우의','중고','핸드폰','n','n','이재용',199000,150000,2000,1,2,'bestItem','핸드폰입니다','2022-04-21 17:00:50'),(4,4,4,4,'어댑터/전자','멀티어댑터','신상','멀티탭','n','n','홍길동2',9900,4000,2000,0,2,'bestItem','멀티탭입니다','2022-04-21 17:01:36'),(5,5,5,5,'캠핑용품','캠핑용품','신상','휴대용버너','n','n','홍길동3',30000,25000,2000,2,3,'bestItem','휴대용버너입니다','2022-04-21 20:40:28'),(6,6,6,6,'중고','중고','중고','갤럭시와치4','n','n','홍길동4',200000,1500000,2000,2,3,'bestItem','와치입니다','2022-04-21 20:40:28'),(7,5,7,5,'캠핑용품','캠핑용품','신상','텐트','n','n','홍길동5',100000,80000,2000,2,3,'bestItem','텐트입니다','2022-04-21 20:40:28'),(8,3,3,3,'수납백/편의용품','편의용품/우의','신상','지퍼백','n','n','이재용',8000,6000,2000,2,3,'bestItem','지퍼백입니다','2022-04-21 20:40:28'),(9,1,1,1,'여행가방 하드/소프트','기내가방,중형가방','신상','기내용 가방','n','n','홍길동',50000,40000,2000,2,3,'bestItem','기내용가방입니다','2022-04-21 20:40:28'),(10,5,5,5,'캠핑용품','캠핑용품','신상','휴대용 우산','n','n','홍길동3',10000,8000,2000,2,3,'bestItem','휴대용우산입니다','2022-04-21 20:40:28'),(11,2,2,2,'배낭/보조가방','여행배낭','신상','여행용 백팩','n','n','이순신',40000,350000,2000,2,3,'bestItem','여행용백팩입니다','2022-04-21 20:40:28'),(12,1,1,1,'여행가방 하드/소프트','기내가방','신상','여행용캐리어2','블랙/화이트/블루/레드','n','홍길동',19900,10000,2000,-4,2,'MDPick','기내용 가방입니다','2022-04-21 16:59:05'),(13,1,1,1,'여행가방 하드/소프트','기내가방','신상','여행용캐리어3','n','n','홍길동',19900,10000,2000,-62,2,'MDPick','기내용 가방입니다','2022-04-21 16:59:05'),(14,1,1,1,'여행가방 하드/소프트','기내가방','신상','여행용캐리어4','n','n','홍길동',19900,10000,2000,-4,2,'MDPick','기내용 가방입니다','2022-04-21 16:59:05'),(15,1,1,1,'여행가방 하드/소프트','기내가방','신상','여행용캐리어5','n','n','홍길동',19900,10000,2000,0,2,'MDPick','기내용 가방입니다','2022-04-21 16:59:05'),(16,1,1,1,'여행가방 하드/소프트','기내가방','신상','여행용캐리어6','n','n','홍길동',19900,10000,2000,8,2,'MDPick','기내용 가방입니다','2022-04-21 16:59:05'),(17,1,1,1,'여행가방 하드/소프트','기내가방','신상','여행용캐리어7','n','n','홍길동',19900,10000,2000,2,2,'MDPick','기내용 가방입니다','2022-04-21 16:59:05'),(18,1,1,1,'여행가방 하드/소프트','기내가방','신상','여행용캐리어8','n','n','홍길동',19900,10000,2000,2,2,'MDPick','기내용 가방입니다','2022-04-21 16:59:05'),(19,1,1,1,'여행가방 하드/소프트','기내가방','신상','여행용캐리어9','n','n','홍길동',19900,3333,2000,0,2,'MDPick','기내용 가방입니다','2022-04-21 16:59:05'),(20,1,1,1,'여행가방 하드/소프트','기내가방','신상','여행용캐리어10','n','n','홍길동',19900,4444,2000,0,2,'bestItem','기내용 가방입니다','2022-04-21 16:59:05'),(21,1,1,1,'여행가방 하드/소프트','기내가방','신상','여행용캐리어11','n','n','홍길동',14400,5555,2000,-20,5,'bestItem','기내용 가방입니다','2022-04-21 16:59:05'),(22,1,1,1,'여행가방 하드/소프트','기내가방','신상','여행용캐리어12','n','n','홍길동',15500,6666,2000,0,4,'bestItem','기내용 가방입니다','2022-04-21 16:59:05'),(23,1,1,1,'여행가방 하드/소프트','기내가방','신상','여행용캐리어13','n','n','홍길동',16600,7777,2000,-8,3,'bestItem','기내용 가방입니다','2022-04-21 16:59:05'),(24,1,1,1,'여행가방 하드/소프트','기내가방','신상','여행용캐리어14','n','n','홍길동',17700,8888,2000,-6,2,'bestItem','기내용 가방입니다','2022-04-21 16:59:05'),(25,1,1,1,'여행가방 하드/소프트','기내가방','신상','여행용캐리어15','n','n','홍길동',18800,9999,2000,0,1,'bestItem','기내용 가방입니다','2022-04-21 16:59:05'),(26,1,1,1,'여행가방 하드/소프트','기내가방','신상','스티커캐리어','n','n','홍길동',18800,9999,2000,1,1,'bestItem','기내용 가방입니다','2022-04-21 16:59:05'),(27,1,1,1,'여행가방 하드/소프트','기내가방','신상','채리캐리어','n','n','홍길동',18800,9999,2000,1,1,'bestItem','기내용 가방입니다','2022-04-21 16:59:05'),(28,1,1,1,'여행가방 하드/소프트','기내가방','신상','미디엄캐리어','n','n','홍길동',18800,9999,2000,2,1,'NewItem','기내용 가방입니다','2022-04-21 16:59:05'),(29,1,1,1,'여행가방 하드/소프트','기내가방','신상','블랙캐리어','n','n','홍길동',18800,9999,2000,2,1,'NewItem','기내용 가방입니다','2022-04-21 16:59:05'),(30,1,1,1,'여행가방 하드/소프트','기내가방','신상','그린캐리어','n','n','홍길동',18800,9999,2000,2,1,'NewItem','기내용 가방입니다','2022-04-21 16:59:05'),(31,1,1,1,'여행가방 하드/소프트','기내가방','신상','레드캐리어','n','n','홍길동',18800,9999,2000,2,1,'NewItem','기내용 가방입니다','2022-04-21 16:59:05'),(32,1,1,1,'여행가방 하드/소프트','기내가방','신상','실버캐리어','n','n','홍길동',18800,9999,2000,2,1,'NewItem','기내용 가방입니다','2022-04-21 16:59:05'),(33,1,1,1,'여행가방 하드/소프트','기내가방','신상','아트캐리어','n','n','홍길동',18800,9999,2000,2,1,'NewItem','기내용 가방입니다','2022-04-21 16:59:05'),(34,1,1,1,'여행가방 하드/소프트','기내가방','신상','아이언캐리어','n','n','홍길동',18800,9999,2000,2,1,'NewItem','기내용 가방입니다','2022-04-21 16:59:05'),(35,1,1,1,'여행가방 하드/소프트','기내가방','신상','화이트캐리어','n','n','홍길동',18800,9999,2000,2,1,'NewItem','기내용 가방입니다','2022-04-21 16:59:05'),(36,1,1,8,'여행가방 하드/소프트','중형가방','신상','빗살캐리어','n','n','홍길동',18800,9999,2000,3,1,'NewItem','기내용 가방입니다','2022-04-21 16:59:05'),(37,1,1,8,'여행가방 하드/소프트','중형가방','신상','자두캐리어','n','n','홍길동',18800,9999,2000,3,1,'NewItem','기내용 가방입니다','2022-04-21 16:59:05'),(38,1,1,8,'여행가방 하드/소프트','중형가방','신상','그레이캐리어','n','n','홍길동',18800,9999,2000,3,1,'NewItem','기내용 가방입니다','2022-04-21 16:59:05'),(39,1,1,8,'여행가방 하드/소프트','중형가방','신상','검정캐리어','n','n','홍길동',18800,9999,2000,3,1,'NewItem','기내용 가방입니다','2022-04-21 16:59:05'),(40,1,1,9,'여행가방 하드/소프트','대형가방','신상','핑크캐리어','n','n','홍길동',18800,9999,2000,3,1,'NewItem','기내용 가방입니다','2022-04-21 16:59:05'),(41,1,1,9,'여행가방 하드/소프트','대형가방','신상','KREATE캐리어','n','n','홍길동',18800,9999,2000,-5,1,'bestItem','기내용 가방입니다','2022-04-21 16:59:05'),(42,1,1,9,'여행가방 하드/소프트','대형가방','신상','은캐리어','n','n','홍길동',18800,9999,2000,3,1,'bestItem','기내용 가방입니다','2022-04-21 16:59:05'),(43,1,1,9,'여행가방 하드/소프트','대형가방','신상','다크캐리어','n','n','홍길동',18800,9999,2000,3,1,'bestItem','기내용 가방입니다','2022-04-21 16:59:05'),(44,1,1,10,'여행가방 하드/소프트','여행가방세트','신상','핑크캐리어세트','n','n','홍길동',18800,9999,2000,2,1,'bestItem','기내용 가방입니다','2022-04-21 16:59:05'),(45,1,1,10,'여행가방 하드/소프트','여행가방세트','신상','실버캐리어세트','n','n','홍길동',18800,9999,2000,2,1,'bestItem','기내용 가방입니다','2022-04-21 16:59:05'),(46,1,1,10,'여행가방 하드/소프트','여행가방세트','신상','화이트캐리어세트','n','n','홍길동',18800,9999,2000,1,1,'bestItem','기내용 가방입니다','2022-04-21 16:59:05'),(47,2,1,2,'배낭/보조가방','여행배낭','신상','블랙민트여행배낭','n','n','홍길동',18800,9999,2000,3,1,'bestItem','기내용 가방입니다','2022-04-21 16:59:05'),(48,2,1,2,'배낭/보조가방','여행배낭','신상','다용도여행배낭','n','n','홍길동',18800,9999,2000,3,1,'bestItem','기내용 가방입니다','2022-05-16 16:59:05'),(49,2,1,2,'배낭/보조가방','여행배낭','신상','가죽여행배낭','n','n','홍길동',18800,9999,2000,3,1,'bestItem','기내용 가방입니다','2022-05-17 16:59:05'),(50,6,16,6,'렌탈','렌탈','신상','렌탈용캐리어1','n','n','홍길동',1800,1000,2000,-1,1,'bestItem','기내용 가방입니다','2022-05-18 16:59:05'),(51,6,16,6,'렌탈','렌탈','신상','렌탈용캐리어2','n','n','홍길동',1800,1000,2000,-2,1,'bestItem','기내용 가방입니다','2022-05-19 16:59:05'),(52,6,16,6,'렌탈','렌탈','신상','렌탈용캐리어3','n','n','홍길동',1800,1000,2000,0,1,'bestItem','기내용 가방입니다','2022-05-20 16:59:05'),(53,6,16,6,'렌탈','렌탈','신상','렌탈용캐리어4','n','n','홍길동',1800,1000,2000,1,1,'bestItem','기내용 가방입니다','2022-05-21 16:59:05'),(54,1,1,8,'여행가방 하드/소프트','중형가방','중고','여행용캐리어ss','n','n','asda',12345,9000,2000,21,1,'bestItem','adf','2022-05-19 12:24:44'),(55,1,1,8,'여행가방 하드/소프트','중형가방','중고','여행용캐리어ss','n','n','asda',12345,8000,2000,22,1,'bestItem','','2022-05-19 12:28:42'),(66,1,16,1,'여행가방 하드/소프트','기내가방','신상','테스트1','n','n','테스트1',15000,10000,2500,7,1,'-','','2022-05-20 15:36:27'),(67,2,17,14,'배낭/보조가방','보스턴백/더플백','신상','테스트2','n','n','테스트2',20000,10000,3000,10,1,'-','','2022-05-25 16:13:36'),(68,1,16,1,'여행가방 하드/소프트','기내가방','중고','판매자01','n','n','판매자01',10000,7000,3000,2,1,'-','','2022-04-25 16:22:07'),(69,1,16,8,'여행가방 하드/소프트','중형가방','중고','판매자01','n','n','판매자01',10000,7000,3000,5,1,'-','','2022-03-25 16:22:29'),(70,4,16,4,'어댑터/전자','멀티어댑터','신상','테스트','n','n','테스트',10000,7000,3000,5,1,'bestItem','','2021-05-25 16:22:56'),(73,1,16,1,'여행가방 하드/소프트','기내가방','중고','002','n','n','오라클',10000,7000,2500,7,1,'-','','2022-05-25 16:38:29'),(74,1,16,1,'여행가방 하드/소프트','기내가방','중고','003','n','n','오라클',10000,7000,2500,7,1,'-','','2022-05-25 16:38:59'),(75,1,16,1,'여행가방 하드/소프트','기내가방','중고','004','n','n','오라클',20000,18000,1800,15,1,'-','','2022-05-25 16:41:40'),(77,1,16,1,'여행가방 하드/소프트','기내가방','중고','006','n','n','오라클',20000,18000,1800,15,1,'-','','2022-05-25 16:42:54'),(78,1,16,1,'여행가방 하드/소프트','기내가방','중고','007','n','n','오라클',20000,18000,1800,15,1,'-','','2022-05-25 16:43:14'),(79,2,16,14,'배낭/보조가방','보스턴백/더플백','중고','008','n','n','오라클',20000,18000,1800,18,1,'-','','2022-05-26 16:48:35'),(90,1,16,8,'여행가방 하드/소프트','중형가방','신상','테스트트트','n','n','오라크을',50000,40000,2500,10,1,'-','','2022-05-27 11:28:00'),(91,6,16,6,'렌탈','렌탈','신상','렌탈테스트','n','n','오라클',10000,1000,2500,5,1,'-','','2022-05-30 15:19:16'),(93,1,16,1,'여행가방 하드/소프트','기내가방','신상','신상품1','n','n','오라클',10000,1000,2500,0,1,'-','','2022-06-07 14:18:43'),(94,2,16,12,'배낭/보조가방','도난방지가방','신상','도난방지가방','레드/블루/퍼플','n','오라클',30000,18000,2500,10,1,'-','','2022-06-17 11:35:42');
/*!40000 ALTER TABLE `product` ENABLE KEYS */;
UNLOCK TABLES;

--
-- Table structure for table `product_image`
--

DROP TABLE IF EXISTS `product_image`;
/*!40101 SET @saved_cs_client     = @@character_set_client */;
/*!50503 SET character_set_client = utf8mb4 */;
CREATE TABLE `product_image` (
  `p_imageNum` int NOT NULL AUTO_INCREMENT,
  `productNum` int NOT NULL,
  `fileName` varchar(100) NOT NULL,
  `regId` varchar(50) DEFAULT NULL,
  `fileType` varchar(40) NOT NULL,
  `p_imageRegDate` datetime NOT NULL DEFAULT CURRENT_TIMESTAMP,
  PRIMARY KEY (`p_imageNum`),
  KEY `fk_product_image_product_idx` (`productNum`),
  CONSTRAINT `fk_product_image_product` FOREIGN KEY (`productNum`) REFERENCES `product` (`productNum`)
) ENGINE=InnoDB AUTO_INCREMENT=178 DEFAULT CHARSET=utf8mb3;
/*!40101 SET character_set_client = @saved_cs_client */;

--
-- Dumping data for table `product_image`
--

LOCK TABLES `product_image` WRITE;
/*!40000 ALTER TABLE `product_image` DISABLE KEYS */;
INSERT INTO `product_image` VALUES (1,1,'item1.JPG','naver','main','2022-04-10 00:00:00'),(2,12,'item2.JPG','daum','main','2022-03-21 00:00:00'),(3,13,'item3.JPG','samsung','main','2022-04-05 00:00:00'),(4,14,'item4.JPG','LG','main','2022-04-21 00:00:00'),(5,15,'item5.JPG','LG1','main','2022-04-21 20:44:52'),(6,16,'item6.JPG','LG2','main','2022-04-21 20:44:52'),(7,17,'item7.JPG','LG3','main','2022-04-21 20:44:52'),(8,18,'item8.JPG','test001','main','2022-04-21 20:44:52'),(9,19,'item9.JPG','test002','main','2022-04-21 20:44:52'),(10,20,'item10.JPG','test003','main','2022-04-21 20:44:52'),(11,1,'product0011.jpg','test004','detail','2022-04-21 20:44:52'),(12,21,'item11.JPG','test003','main','2022-04-21 20:44:52'),(13,22,'item12.JPG','test003','main','2022-04-21 20:44:52'),(14,23,'item13.JPG','test003','main','2022-04-21 20:44:52'),(15,24,'item14.JPG','test003','main','2022-04-21 20:44:52'),(16,25,'item15.JPG','test003','main','2022-04-21 20:44:52'),(17,12,'detail_1.jpg','test003','detail','2022-04-21 20:44:52'),(18,12,'detail_2.jpg','test003','detail','2022-04-21 20:44:53'),(19,12,'detail_3.jpg','test003','detail','2022-04-21 20:44:54'),(20,26,'item26.JPG','test003','main','2022-04-21 20:44:52'),(21,27,'item27.JPG','test003','main','2022-04-21 20:44:52'),(22,28,'item28.JPG','test003','main','2022-04-21 20:44:52'),(23,29,'item29.JPG','test003','main','2022-04-21 20:44:52'),(24,30,'item30.JPG','test003','main','2022-04-21 20:44:52'),(25,31,'item31.JPG','test003','main','2022-04-21 20:44:52'),(26,32,'item32.JPG','test003','main','2022-04-21 20:44:52'),(27,33,'item33.JPG','test003','main','2022-04-21 20:44:52'),(28,34,'item34.JPG','test003','main','2022-04-21 20:44:52'),(29,35,'item35.JPG','test003','main','2022-04-21 20:44:52'),(30,36,'item36.JPG','test003','main','2022-04-21 20:44:52'),(31,37,'item37.JPG','test003','main','2022-04-21 20:44:52'),(32,38,'item38.JPG','test003','main','2022-04-21 20:44:52'),(33,39,'item39.JPG','test003','main','2022-04-21 20:44:52'),(34,40,'item40.JPG','test003','main','2022-04-21 20:44:52'),(35,41,'item41.JPG','test003','main','2022-04-21 20:44:52'),(36,42,'item42.JPG','test003','main','2022-04-21 20:44:52'),(37,43,'item43.JPG','test003','main','2022-04-21 20:44:52'),(38,44,'item44.JPG','test003','main','2022-04-21 20:44:52'),(39,45,'item45.JPG','test003','main','2022-04-21 20:44:52'),(40,46,'item46.JPG','test003','main','2022-04-21 20:44:52'),(41,47,'item47.JPG','test003','main','2022-04-21 20:44:52'),(42,48,'item48.JPG','test003','main','2022-04-21 20:44:52'),(43,49,'item49.JPG','test003','main','2022-04-21 20:44:52'),(44,50,'item50.JPG','test003','main','2022-04-21 20:44:52'),(45,51,'item51.JPG','test003','main','2022-04-21 20:44:52'),(46,52,'item52.JPG','test003','main','2022-04-21 20:44:52'),(47,53,'item53.JPG','test003','main','2022-04-21 20:44:52'),(48,54,'2.JPG','admin','main','2022-05-19 12:24:44'),(49,54,'카테고리표.JPG','admin','detail1','2022-05-19 12:24:45'),(50,55,'tm_1.JPG','admin','main','2022-05-19 12:28:42'),(51,55,'카테고리표.JPG','admin','detail1','2022-05-19 12:28:42'),(52,55,'카테고리표.JPG','admin','detail2','2022-05-19 12:28:42'),(75,66,'main1.jpg','seller','main','2022-05-25 15:36:28'),(76,66,'detail2.jpg','seller','detail0','2022-05-25 15:36:28'),(77,66,'detail3.jpg','seller','detail1','2022-05-25 15:36:28'),(78,67,'포토샵 무작정 따라하기_메인.jpg','seller01','main','2022-05-25 16:13:36'),(79,67,'detail2.jpg','seller01','detail0','2022-05-25 16:13:36'),(80,67,'detail3.jpg','seller01','detail1','2022-05-25 16:13:36'),(81,68,'main1.jpg','seller','main','2022-05-25 16:22:07'),(82,68,'detail2.jpg','seller','detail0','2022-05-25 16:22:07'),(83,68,'detail3.jpg','seller','detail1','2022-05-25 16:22:07'),(84,69,'포토샵 무작정 따라하기_메인.jpg','seller','main','2022-05-25 16:22:29'),(85,69,'detail2.jpg','seller','detail0','2022-05-25 16:22:29'),(86,69,'detail3.jpg','seller','detail1','2022-05-25 16:22:29'),(87,70,'','seller','main','2022-05-25 16:22:56'),(88,70,'detail2.jpg','seller','detail0','2022-05-25 16:22:56'),(89,70,'','seller','detail1','2022-05-25 16:22:56'),(96,73,'포토샵 무작정 따라하기_메인.jpg','seller','main','2022-05-25 16:38:29'),(97,73,'detail2.jpg','seller','detail0','2022-05-25 16:38:29'),(98,73,'detail3.jpg','seller','detail1','2022-05-25 16:38:29'),(99,74,'포토샵 무작정 따라하기_메인.jpg','seller','main','2022-05-25 16:38:59'),(100,74,'detail2.jpg','seller','detail0','2022-05-25 16:38:59'),(101,74,'detail3.jpg','seller','detail1','2022-05-25 16:38:59'),(102,74,'','seller','detail2','2022-05-25 16:38:59'),(103,74,'','seller','detail3','2022-05-25 16:38:59'),(104,74,'','seller','detail4','2022-05-25 16:38:59'),(105,75,'포토샵 무작정 따라하기_메인.jpg','seller','main','2022-05-25 16:41:40'),(106,75,'detail2.jpg','seller','detail0','2022-05-25 16:41:40'),(107,75,'detail3.jpg','seller','detail1','2022-05-25 16:41:40'),(111,77,'포토샵 무작정 따라하기_메인.jpg','seller','main','2022-05-25 16:42:54'),(112,77,'detail3.jpg','seller','detail0','2022-05-25 16:42:55'),(113,77,'detail2.jpg','seller','detail1','2022-05-25 16:42:55'),(114,78,'main1.jpg','seller','main','2022-05-25 16:43:14'),(115,78,'detail3.jpg','seller','detail0','2022-05-25 16:43:14'),(116,79,'9fd43bb4-27df-4994-a5c0-260109f8b45a01 - 복사본 - 복사본 - 복사본 - 복사본 - 복사본.jpg','seller','main','2022-05-25 16:43:26'),(165,90,'2402efc3-c6a5-4696-aae2-7b1f7375026d1.PNG','seller','main','2022-05-27 11:28:00'),(166,90,'2402efc3-c6a5-4696-aae2-7b1f7375026ddatabases.PNG','seller','detail0','2022-05-27 11:28:00'),(167,90,'2402efc3-c6a5-4696-aae2-7b1f7375026dsns 공유 캡처.PNG','seller','detail1','2022-05-27 11:28:00'),(168,91,'2ab16f3f-0eb9-481b-9ccf-ac9e607df7b3텐트 메인 페이지 참고.PNG','seller','main','2022-05-30 15:19:16'),(169,91,'2ab16f3f-0eb9-481b-9ccf-ac9e607df7b3sns 공유 캡처.PNG','seller','detail0','2022-05-30 15:19:16'),(174,94,'331bb085-e9ee-40aa-9416-23d9d5b56d7f8876e08c88bd69766ef83e106b8bbe84.jpg','seller','main','2022-06-17 11:35:42'),(175,94,'331bb085-e9ee-40aa-9416-23d9d5b56d7f8876e08c88bd69766ef83e106b8bbe83.jpg','seller','detail0','2022-06-17 11:35:42'),(176,94,'331bb085-e9ee-40aa-9416-23d9d5b56d7f59ac272705f0f74ce2e485ca20c30cb936a4fea3.png','seller','detail1','2022-06-17 11:35:42'),(177,94,'331bb085-e9ee-40aa-9416-23d9d5b56d7f9925F03C5AD486B033.png','seller','detail2','2022-06-17 11:35:42');
/*!40000 ALTER TABLE `product_image` ENABLE KEYS */;
UNLOCK TABLES;

--
-- Table structure for table `qna`
--

DROP TABLE IF EXISTS `qna`;
/*!40101 SET @saved_cs_client     = @@character_set_client */;
/*!50503 SET character_set_client = utf8mb4 */;
CREATE TABLE `qna` (
  `qnaNum` int NOT NULL AUTO_INCREMENT,
  `memberNum` int NOT NULL,
  `productNum` int DEFAULT NULL,
  `productName` varchar(100) DEFAULT NULL,
  `boardType` varchar(30) DEFAULT NULL,
  `memberId` varchar(20) NOT NULL,
  `qnaType` varchar(30) NOT NULL,
  `qnaTitle` varchar(100) NOT NULL,
  `qnaText` varchar(3000) DEFAULT NULL,
  `qnaRegDate` datetime NOT NULL DEFAULT CURRENT_TIMESTAMP,
  `qnaAns` varchar(3000) DEFAULT NULL,
  `qnaSecret` varchar(10) DEFAULT NULL,
  PRIMARY KEY (`qnaNum`),
  KEY `fk_qna_member1_idx` (`memberNum`),
  CONSTRAINT `fk_qna_member1` FOREIGN KEY (`memberNum`) REFERENCES `member` (`memberNum`)
) ENGINE=InnoDB AUTO_INCREMENT=118 DEFAULT CHARSET=utf8mb3;
/*!40101 SET character_set_client = @saved_cs_client */;

--
-- Dumping data for table `qna`
--

LOCK TABLES `qna` WRITE;
/*!40000 ALTER TABLE `qna` DISABLE KEYS */;
INSERT INTO `qna` VALUES (97,15,94,'도난방지가방',NULL,'test','상품문의','비밀글1','ㅁㅁㅁㅁ','2022-06-21 11:28:33',NULL,'Y'),(98,15,94,'도난방지가방',NULL,'test','상품문의','비밀글2','ㅁㄴㅇ','2022-06-21 11:28:48','ㅁㅁㅁ','N'),(99,19,0,NULL,NULL,'test01','건의사항','비밀글입니다.','ㅁㄴㅇ','2022-06-21 11:48:47',NULL,'Y'),(100,19,0,NULL,NULL,'test01','건의사항','공개글입니다.','ㅁㄴㅇ','2022-06-21 11:48:54',NULL,'N'),(101,19,0,NULL,NULL,'test01','기타','비밀글입니다2','ㅁㄴㅇ','2022-06-21 11:49:04',NULL,'Y'),(102,19,0,NULL,NULL,'test01','기타','공개글입니다.2','ㅁㄴㅇㅁㄴㅇㅁㄴㅇ','2022-06-21 11:49:13',NULL,'N'),(103,15,0,NULL,NULL,'test','건의사항','문의','11111111','2022-06-21 19:25:53','답글','Y'),(104,15,0,'',NULL,'test','기타','22222','22222','2022-06-21 19:26:08',NULL,'N'),(105,15,0,NULL,NULL,'test','건의사항','문의','11111111','2022-06-21 19:26:26','답글\r\n','N'),(106,15,0,'',NULL,'test','기타','22222','222222222222222','2022-06-21 19:29:55',NULL,'N'),(107,15,0,'',NULL,'test','기타','문의','11111','2022-06-21 19:57:03',NULL,'N'),(108,15,1,'여행용캐리어',NULL,'test','상품문의','문의','11111111111111111','2022-06-21 19:57:25',NULL,'N'),(109,15,0,'',NULL,'test','기타','문의','111','2022-06-21 19:58:25',NULL,'N'),(110,15,0,'',NULL,'test','기타','문의','111111','2022-06-21 20:03:34',NULL,'N'),(111,15,0,'',NULL,'test','기타','문의','11111111','2022-06-21 20:23:34',NULL,'N'),(113,15,0,'',NULL,'test','건의사항','2222222222','22222222222222','2022-06-21 20:37:55',NULL,'Y'),(114,15,1,'여행용캐리어',NULL,'test','상품문의','111111','111','2022-06-21 20:38:03',NULL,'N'),(115,15,0,'',NULL,'test','기타','1111111111','1111111111111','2022-06-21 20:38:11',NULL,'N'),(116,15,12,'여행용캐리어2',NULL,'test','상품문의','1111111111','22222222222222','2022-06-22 00:51:24',NULL,'Y');
/*!40000 ALTER TABLE `qna` ENABLE KEYS */;
UNLOCK TABLES;

--
-- Table structure for table `review_image`
--

DROP TABLE IF EXISTS `review_image`;
/*!40101 SET @saved_cs_client     = @@character_set_client */;
/*!50503 SET character_set_client = utf8mb4 */;
CREATE TABLE `review_image` (
  `re_imageNum` int NOT NULL AUTO_INCREMENT,
  `reviewNum` int NOT NULL,
  `re_fileName` varchar(100) NOT NULL,
  `re_imageRegDate` datetime NOT NULL DEFAULT CURRENT_TIMESTAMP,
  `productNum` int DEFAULT NULL,
  `memberId` varchar(20) DEFAULT NULL,
  PRIMARY KEY (`re_imageNum`),
  KEY `reviewNum_idx` (`reviewNum`),
  CONSTRAINT `reviewNum` FOREIGN KEY (`reviewNum`) REFERENCES `board_review` (`reviewNum`)
) ENGINE=InnoDB AUTO_INCREMENT=210 DEFAULT CHARSET=utf8mb3;
/*!40101 SET character_set_client = @saved_cs_client */;

--
-- Dumping data for table `review_image`
--

LOCK TABLES `review_image` WRITE;
/*!40000 ALTER TABLE `review_image` DISABLE KEYS */;
INSERT INTO `review_image` VALUES (193,164,'797359fa-122a-43ff-a13e-1b06956ebb69_main1.jpg','2022-05-24 11:19:09',41,'test'),(194,164,'797359fa-122a-43ff-a13e-1b06956ebb69_main1.jpg','2022-05-24 11:19:09',41,'test'),(195,165,'fc848625-2d9c-494a-abc9-48376c23b30a_main1.jpg','2022-05-24 11:19:52',41,'test'),(196,165,'fc848625-2d9c-494a-abc9-48376c23b30a_main1.jpg','2022-05-24 11:19:52',41,'test'),(197,166,'bc591bac-a2c2-46b3-9027-0eb2e56e2ffb_main1.jpg','2022-05-24 11:20:20',41,'test'),(198,166,'bc591bac-a2c2-46b3-9027-0eb2e56e2ffb_main1.jpg','2022-05-24 11:20:20',41,'test'),(199,167,'a953b2ca-468d-4591-9564-35fa2b6ff35a_main1.jpg','2022-05-24 11:22:58',41,'test'),(200,167,'a953b2ca-468d-4591-9564-35fa2b6ff35a_main1.jpg','2022-05-24 11:22:58',41,'test');
/*!40000 ALTER TABLE `review_image` ENABLE KEYS */;
UNLOCK TABLES;

--
-- Table structure for table `seller`
--

DROP TABLE IF EXISTS `seller`;
/*!40101 SET @saved_cs_client     = @@character_set_client */;
/*!50503 SET character_set_client = utf8mb4 */;
CREATE TABLE `seller` (
  `sellerNum` int NOT NULL AUTO_INCREMENT,
  `sellerId` varchar(20) NOT NULL,
  `sellerPw` varchar(500) NOT NULL,
  `sellerName` varchar(50) NOT NULL,
  `sellerHp1` varchar(10) NOT NULL,
  `sellerHp2` varchar(10) NOT NULL,
  `sellerHp3` varchar(10) NOT NULL,
  `businessNum` varchar(45) NOT NULL,
  `sellerEmail1` varchar(20) DEFAULT NULL,
  `sellerEmail2` varchar(20) DEFAULT NULL,
  `sellerZipcode` varchar(10) NOT NULL,
  `sellerAddr1` varchar(30) NOT NULL,
  `sellerAddr2` varchar(30) NOT NULL,
  `joinDate` datetime NOT NULL DEFAULT CURRENT_TIMESTAMP,
  `del_yn` varchar(5) NOT NULL DEFAULT 'n',
  `del_date` datetime DEFAULT NULL,
  PRIMARY KEY (`sellerNum`)
) ENGINE=InnoDB AUTO_INCREMENT=18 DEFAULT CHARSET=utf8mb3;
/*!40101 SET character_set_client = @saved_cs_client */;

--
-- Dumping data for table `seller`
--

LOCK TABLES `seller` WRITE;
/*!40000 ALTER TABLE `seller` DISABLE KEYS */;
INSERT INTO `seller` VALUES (1,'naver','$2a$10$CZjtVKgdjinQhil8hyrCwuNizQivXDyujcY6uQ8k8Adx1PX1iJTbe','홍길동','010','5156','3215','123-00-45896','sdlkj','@naver.com','12345','서울특별시 마포구','무슨길','2022-04-21 15:53:53','y',NULL),(2,'daum','1111','이순신','010','1234','5678','165-65-32156','aergasd','@naver.com','23543','대전광역시','어딘가','2022-04-21 15:54:57','y',NULL),(3,'samsung','1234','이재용','010','1564','6848','189-65-32486','wertgsdg','@naver.com','12235','서울특별시','어딘가','2022-04-21 15:56:03','y',NULL),(4,'LG','1234','홍길동2','010','1234','5678','123-00-65165','wsejkl','@naver.com','12314','대한민국','어딘가','2022-04-21 16:17:07','y',NULL),(5,'LG1','1234','홍길동3','010','1234','5678','123-00-65165','wsejkl','@naver.com','12314','대한민국','어딘가','2022-04-21 16:17:27','y',NULL),(6,'LG2','1234','홍길동4','010','1234','5678','123-00-65165','wsejkl','@naver.com','12314','대한민국','어딘가','2022-04-21 16:17:27','y',NULL),(7,'LG3','1234','홍길동5','010','1234','5678','123-00-65165','wsejkl','@naver.com','12314','대한민국','어딘가','2022-04-21 16:17:28','y',NULL),(8,'test001','a0123','테스트01','010','1234','5678','123-00-65165','wsejkl','@naver.com','12314','대한민국','어딘가','2022-04-21 16:19:02','y',NULL),(9,'test001','a0123','테스트01','010','1234','5678','123-00-65165','wsejkl','@naver.com','12314','대한민국','어딘가','2022-04-21 16:19:45','y',NULL),(10,'test002','a0124','테스트02','010','1234','5678','123-00-65165','wsejkl','@gmail.com','12314','대한민국','어딘가','2022-04-21 16:19:45','y',NULL),(11,'test003','a0125','테스트03','010','1234','5678','123-00-65165','wsejkl','@daum.net','12314','대한민국','어딘가','2022-04-21 16:19:45','y',NULL),(12,'test004','a0126','테스트04','010','1234','5678','123-00-65165','wsejkl','@naver.com','12314','대한민국','어딘가','2022-04-21 16:19:45','y',NULL),(13,'test005','a0127','테스트05','010','1234','5678','123-00-65165','wsejkl','@naver.com','12314','대한민국','어딘가','2022-04-21 16:19:45','y',NULL),(16,'seller','$2a$2a$10$CZjtVKgdjinQhil8hyrCwuNizQivXDyujcY6uQ8k8Adx1PX1iJTbe','오라클빌딩','010','1234','5678','0123456789','nailgarle','gmail.com','04528','서울 중구 남대문로 2','123','2022-05-16 09:21:52','n','2022-05-27 14:24:08'),(17,'seller01','$2a$10$4A1LtMolN8pQygyzya0hu.wKbPr93CeNvaHo3guAnFRSF5S4RMK6u','오라클','010','1234','5678','0123456789','nailgarle305','gmail.com','35234','대전 서구 대덕대로 182','1234','2022-05-25 11:43:41','n','2022-05-27 14:31:49');
/*!40000 ALTER TABLE `seller` ENABLE KEYS */;
UNLOCK TABLES;

--
-- Dumping events for database 'nailgarle'
--

--
-- Dumping routines for database 'nailgarle'
--
/*!40103 SET TIME_ZONE=@OLD_TIME_ZONE */;

/*!40101 SET SQL_MODE=@OLD_SQL_MODE */;
/*!40014 SET FOREIGN_KEY_CHECKS=@OLD_FOREIGN_KEY_CHECKS */;
/*!40014 SET UNIQUE_CHECKS=@OLD_UNIQUE_CHECKS */;
/*!40101 SET CHARACTER_SET_CLIENT=@OLD_CHARACTER_SET_CLIENT */;
/*!40101 SET CHARACTER_SET_RESULTS=@OLD_CHARACTER_SET_RESULTS */;
/*!40101 SET COLLATION_CONNECTION=@OLD_COLLATION_CONNECTION */;
/*!40111 SET SQL_NOTES=@OLD_SQL_NOTES */;

-- Dump completed on 2022-06-22 20:12:34
